offer_id,offer_name,offer_stage,offer_tt,task_id,task_title,task_dueat,task_assignee_id,task_status
043faeca-f937-45b4-8833-fdcba8378233,J2157 Manar Manha,AFS_MOU_SIGNED,RESALE,1d567216-f6e0-47f5-8bef-577068d6ab86,AFS Drafting,2026-06-24 12:52:00+00,8e1fdcfe-8db6-4e50-a7ab-d820f9b95c96,IN_PROGRESS
043faeca-f937-45b4-8833-fdcba8378233,J2157 Manar Manha,AFS_MOU_SIGNED,RESALE,543353fe-3f31-401a-8ca2-d57d1ab3dbaa,AFS Draft to be shared,2026-06-04 12:30:00+00,8e1fdcfe-8db6-4e50-a7ab-d820f9b95c96,DONE
043faeca-f937-45b4-8833-fdcba8378233,J2157 Manar Manha,AFS_MOU_SIGNED,RESALE,22ab3564-3ff3-44dc-add1-05abf9ebc176,AFS Signing,2026-06-10 12:30:00+00,8e1fdcfe-8db6-4e50-a7ab-d820f9b95c96,TODO
043faeca-f937-45b4-8833-fdcba8378233,J2157 Manar Manha,AFS_MOU_SIGNED,RESALE,cf7adc44-086d-4d47-b48a-e3370c946488,Bank Legal Evaluation,2026-06-17 12:30:00+00,e897ff71-fcc8-4a10-ba07-9c02080a6a80,TODO
043faeca-f937-45b4-8833-fdcba8378233,J2157 Manar Manha,AFS_MOU_SIGNED,RESALE,89c9848f-aba6-4849-b394-8eb6050dc1f5,Bank Technical Evaluation,2026-06-22 12:30:00+00,e897ff71-fcc8-4a10-ba07-9c02080a6a80,TODO
043faeca-f937-45b4-8833-fdcba8378233,J2157 Manar Manha,AFS_MOU_SIGNED,RESALE,1bad103d-0c56-4b6a-8e38-a095249aa226,Bank to be selected,2026-05-29 12:30:00+00,5cd4520c-52d8-4c98-9cc0-232ae767192b,TODO
043faeca-f937-45b4-8833-fdcba8378233,J2157 Manar Manha,AFS_MOU_SIGNED,RESALE,aaf0563e-98e5-4ad3-b0e4-9a2eeeb0f523,BESCOM,2026-08-13 12:30:00+00,e897ff71-fcc8-4a10-ba07-9c02080a6a80,TODO
043faeca-f937-45b4-8833-fdcba8378233,J2157 Manar Manha,AFS_MOU_SIGNED,RESALE,5c754248-72b8-4ebb-95e9-a463a5339891,Deal Term Sheet Drafting & Signing,2026-05-26 12:30:00+00,5cd4520c-52d8-4c98-9cc0-232ae767192b,TODO
043faeca-f937-45b4-8833-fdcba8378233,J2157 Manar Manha,AFS_MOU_SIGNED,RESALE,0092928c-1545-452a-af51-f2d17903f561,Docket signing,2026-07-03 12:30:00+00,e897ff71-fcc8-4a10-ba07-9c02080a6a80,TODO
043faeca-f937-45b4-8833-fdcba8378233,J2157 Manar Manha,AFS_MOU_SIGNED,RESALE,8d74c406-9440-4f54-a798-b28fd0662d17,Ekhata Check,2026-06-22 12:52:00+00,e897ff71-fcc8-4a10-ba07-9c02080a6a80,DONE
043faeca-f937-45b4-8833-fdcba8378233,J2157 Manar Manha,AFS_MOU_SIGNED,RESALE,ae958512-d7d6-4163-88d1-e1471fcd7324,E- khata to be checked if its open,2026-05-26 12:30:00+00,e897ff71-fcc8-4a10-ba07-9c02080a6a80,TODO
043faeca-f937-45b4-8833-fdcba8378233,J2157 Manar Manha,AFS_MOU_SIGNED,RESALE,28cb5975-f353-45a1-a220-647e63d2ae5c,E Khata Transfer,2026-07-27 12:30:00+00,e897ff71-fcc8-4a10-ba07-9c02080a6a80,TODO
043faeca-f937-45b4-8833-fdcba8378233,J2157 Manar Manha,AFS_MOU_SIGNED,RESALE,b4af2a97-2d85-4bd0-87aa-35a9a464a405,Estamp Procurement,2026-06-08 12:30:00+00,e897ff71-fcc8-4a10-ba07-9c02080a6a80,TODO
043faeca-f937-45b4-8833-fdcba8378233,J2157 Manar Manha,AFS_MOU_SIGNED,RESALE,f37c4c89-05b7-4008-aade-e367365b3fc5,Jumbo Fee Collection from the Seller,2026-06-10 12:30:00+00,5cd4520c-52d8-4c98-9cc0-232ae767192b,TODO
043faeca-f937-45b4-8833-fdcba8378233,J2157 Manar Manha,AFS_MOU_SIGNED,RESALE,0f0fd96a-0cdd-4902-9287-d11f811bbd42,Legal Due Diligence,2026-06-17 07:49:00+00,e3fe351e-394d-43fb-af09-6a642b40407c,DONE
043faeca-f937-45b4-8833-fdcba8378233,J2157 Manar Manha,AFS_MOU_SIGNED,RESALE,4ebb7340-e92f-4aa0-89aa-aecbb1b275bc,Legal Due Diligence to be completed,2026-06-03 12:30:00+00,5cd4520c-52d8-4c98-9cc0-232ae767192b,TODO
043faeca-f937-45b4-8833-fdcba8378233,J2157 Manar Manha,AFS_MOU_SIGNED,RESALE,441592a4-a780-47ec-9486-dd589a8df165,Legal Due Diligence to be initiated,2026-05-27 12:30:00+00,5cd4520c-52d8-4c98-9cc0-232ae767192b,TODO
043faeca-f937-45b4-8833-fdcba8378233,J2157 Manar Manha,AFS_MOU_SIGNED,RESALE,f3ef3c7c-6341-4159-9dc3-6901db37f673,ODV,2026-06-27 12:30:00+00,e897ff71-fcc8-4a10-ba07-9c02080a6a80,TODO
043faeca-f937-45b4-8833-fdcba8378233,J2157 Manar Manha,AFS_MOU_SIGNED,RESALE,e9886932-1f76-4a44-88d7-f03fd772c165,Penny Test,2026-06-30 12:52:00+00,e3fe351e-394d-43fb-af09-6a642b40407c,DONE
043faeca-f937-45b4-8833-fdcba8378233,J2157 Manar Manha,AFS_MOU_SIGNED,RESALE,6690f06e-326b-4cc9-a365-478ad5aa911f,Penny test to be completed,2026-06-05 12:30:00+00,5cd4520c-52d8-4c98-9cc0-232ae767192b,TODO
043faeca-f937-45b4-8833-fdcba8378233,J2157 Manar Manha,AFS_MOU_SIGNED,RESALE,1feaf5e6-c6c5-4cc9-9a82-a6f25e29617d,Property Tax Name Change,2026-07-28 12:30:00+00,e897ff71-fcc8-4a10-ba07-9c02080a6a80,TODO
043faeca-f937-45b4-8833-fdcba8378233,J2157 Manar Manha,AFS_MOU_SIGNED,RESALE,0248ccfb-104e-4cf0-b3af-872f4069828b,Safebuy Payment Collection,2026-05-26 12:30:00+00,5cd4520c-52d8-4c98-9cc0-232ae767192b,TODO
043faeca-f937-45b4-8833-fdcba8378233,J2157 Manar Manha,AFS_MOU_SIGNED,RESALE,4141ae51-b8ba-4884-b816-6b02076cd335,Sale deed Registration,2026-07-09 12:30:00+00,e897ff71-fcc8-4a10-ba07-9c02080a6a80,TODO
043faeca-f937-45b4-8833-fdcba8378233,J2157 Manar Manha,AFS_MOU_SIGNED,RESALE,415f14ed-81d4-4a54-a512-6623c9b09e93,Sale deed to be shared on group,2026-06-11 12:30:00+00,8e1fdcfe-8db6-4e50-a7ab-d820f9b95c96,TODO
043faeca-f937-45b4-8833-fdcba8378233,J2157 Manar Manha,AFS_MOU_SIGNED,RESALE,956198e4-588a-4c20-8730-6130cf103134,SRO Slot booking,2026-07-06 12:30:00+00,e897ff71-fcc8-4a10-ba07-9c02080a6a80,TODO
043faeca-f937-45b4-8833-fdcba8378233,J2157 Manar Manha,AFS_MOU_SIGNED,RESALE,01890c8e-891e-42fa-9d5e-9966aff49296,Stamp duty + Estamp charges collection,2026-06-08 12:30:00+00,5cd4520c-52d8-4c98-9cc0-232ae767192b,TODO
043faeca-f937-45b4-8833-fdcba8378233,J2157 Manar Manha,AFS_MOU_SIGNED,RESALE,205375fe-1f61-4029-97ac-988dbe5727a4,TDS Payment,2026-07-30 12:30:00+00,c744aa41-ef42-4d2c-81af-bda0d71aeeca,TODO
043faeca-f937-45b4-8833-fdcba8378233,J2157 Manar Manha,AFS_MOU_SIGNED,RESALE,1f575052-1cf0-44d9-90fd-886f312e6b4e,Token Payment +Whatsapp Grp Creation,2026-05-25 12:30:00+00,c744aa41-ef42-4d2c-81af-bda0d71aeeca,DONE
043faeca-f937-45b4-8833-fdcba8378233,J2157 Manar Manha,AFS_MOU_SIGNED,RESALE,d11cab8f-5b5e-49e9-b12d-1035818cf280,token release,2026-06-25 07:59:00+00,e3fe351e-394d-43fb-af09-6a642b40407c,DONE
043faeca-f937-45b4-8833-fdcba8378233,J2157 Manar Manha,AFS_MOU_SIGNED,RESALE,ccb860cb-5608-465b-8118-4315f6ff113f,Token Release,2026-06-04 12:30:00+00,5cd4520c-52d8-4c98-9cc0-232ae767192b,TODO
11cd74fc-51ba-49af-8c40-74289bec0a20,J1784 - TVS Emerald Jardin,AFS_MOU_SIGNED,ASSIGNMENT,1aa270cb-1a8e-4cde-9a16-2a28527d5ed4,Assignment Agrement Initiation with the builder,2026-07-11 12:30:00+00,8e1fdcfe-8db6-4e50-a7ab-d820f9b95c96,TODO
11cd74fc-51ba-49af-8c40-74289bec0a20,J1784 - TVS Emerald Jardin,AFS_MOU_SIGNED,ASSIGNMENT,08e47119-cfa9-45ef-a6ad-84d32a414c64,Assignment Agrement to be signed,2026-07-30 12:30:00+00,8e1fdcfe-8db6-4e50-a7ab-d820f9b95c96,TODO
11cd74fc-51ba-49af-8c40-74289bec0a20,J1784 - TVS Emerald Jardin,AFS_MOU_SIGNED,ASSIGNMENT,078a27de-a98c-4351-a581-fe7b159fb1f5,Bank Legal Evaluation,2026-07-16 12:30:00+00,e897ff71-fcc8-4a10-ba07-9c02080a6a80,TODO
11cd74fc-51ba-49af-8c40-74289bec0a20,J1784 - TVS Emerald Jardin,AFS_MOU_SIGNED,ASSIGNMENT,4271fd76-758d-4ee3-8b96-aff580300d4d,Bank Technical Evaluation,2026-07-18 12:30:00+00,e897ff71-fcc8-4a10-ba07-9c02080a6a80,TODO
11cd74fc-51ba-49af-8c40-74289bec0a20,J1784 - TVS Emerald Jardin,AFS_MOU_SIGNED,ASSIGNMENT,809523f4-0b27-4800-b5fb-f78279efa83c,Bank to be selected,2026-06-23 12:30:00+00,5cd4520c-52d8-4c98-9cc0-232ae767192b,TODO
11cd74fc-51ba-49af-8c40-74289bec0a20,J1784 - TVS Emerald Jardin,AFS_MOU_SIGNED,ASSIGNMENT,05267962-5b8d-4cea-8e33-c154c1c7367b,Deal Term Sheet Drafting,2026-06-19 07:40:00+00,e3fe351e-394d-43fb-af09-6a642b40407c,DONE
11cd74fc-51ba-49af-8c40-74289bec0a20,J1784 - TVS Emerald Jardin,AFS_MOU_SIGNED,ASSIGNMENT,d30ce010-a18b-430a-b1ae-3f93bce4c273,Deal Term Sheet Drafting & Signing,2026-06-19 12:30:00+00,5cd4520c-52d8-4c98-9cc0-232ae767192b,TODO
11cd74fc-51ba-49af-8c40-74289bec0a20,J1784 - TVS Emerald Jardin,AFS_MOU_SIGNED,ASSIGNMENT,540fb79b-7380-4daf-9a44-9b5c9b03eaca,Deal Term Sheet Signing,2026-06-26 07:43:00+00,e3fe351e-394d-43fb-af09-6a642b40407c,IN_PROGRESS
11cd74fc-51ba-49af-8c40-74289bec0a20,J1784 - TVS Emerald Jardin,AFS_MOU_SIGNED,ASSIGNMENT,efe47471-c753-41a3-a6bf-541f26a7eb10,Docket signing,2026-07-28 12:30:00+00,e897ff71-fcc8-4a10-ba07-9c02080a6a80,TODO
11cd74fc-51ba-49af-8c40-74289bec0a20,J1784 - TVS Emerald Jardin,AFS_MOU_SIGNED,ASSIGNMENT,8fd33e3b-03f6-4584-8bff-0d3bbdfce8a0,Estamp Procurement,2026-07-04 12:30:00+00,e897ff71-fcc8-4a10-ba07-9c02080a6a80,TODO
11cd74fc-51ba-49af-8c40-74289bec0a20,J1784 - TVS Emerald Jardin,AFS_MOU_SIGNED,ASSIGNMENT,d69fe306-2c23-40eb-a577-689da5963074,Jumbo Fee Collection from the Seller,2026-07-25 12:30:00+00,5cd4520c-52d8-4c98-9cc0-232ae767192b,TODO
11cd74fc-51ba-49af-8c40-74289bec0a20,J1784 - TVS Emerald Jardin,AFS_MOU_SIGNED,ASSIGNMENT,b43b63da-9446-45b1-864d-5bf036e6d537,Legal Due Diligence to be completed,2026-06-27 12:30:00+00,5cd4520c-52d8-4c98-9cc0-232ae767192b,TODO
11cd74fc-51ba-49af-8c40-74289bec0a20,J1784 - TVS Emerald Jardin,AFS_MOU_SIGNED,ASSIGNMENT,40cac733-dbd5-4714-8d59-6ae303c4aa56,Legal Due Diligence to be initiated,2026-06-20 12:30:00+00,5cd4520c-52d8-4c98-9cc0-232ae767192b,TODO
11cd74fc-51ba-49af-8c40-74289bec0a20,J1784 - TVS Emerald Jardin,AFS_MOU_SIGNED,ASSIGNMENT,fbbda944-24ec-442b-8307-96e036c20ce6,Loan Disbursement,2026-08-05 12:30:00+00,e897ff71-fcc8-4a10-ba07-9c02080a6a80,TODO
11cd74fc-51ba-49af-8c40-74289bec0a20,J1784 - TVS Emerald Jardin,AFS_MOU_SIGNED,ASSIGNMENT,37231707-5e89-4e1c-b437-981348d47a8b,MOU drafting,2026-06-29 07:44:00+00,8e1fdcfe-8db6-4e50-a7ab-d820f9b95c96,TODO
11cd74fc-51ba-49af-8c40-74289bec0a20,J1784 - TVS Emerald Jardin,AFS_MOU_SIGNED,ASSIGNMENT,9628ef04-b886-47a9-a371-d1618479359b,MOU Draft to be confirmed with the builder,2026-06-30 12:30:00+00,8e1fdcfe-8db6-4e50-a7ab-d820f9b95c96,TODO
11cd74fc-51ba-49af-8c40-74289bec0a20,J1784 - TVS Emerald Jardin,AFS_MOU_SIGNED,ASSIGNMENT,29e0d1db-7fcd-4976-a919-932b30f60b53,MOU draft to be shared on group,2026-06-29 12:30:00+00,8e1fdcfe-8db6-4e50-a7ab-d820f9b95c96,TODO
11cd74fc-51ba-49af-8c40-74289bec0a20,J1784 - TVS Emerald Jardin,AFS_MOU_SIGNED,ASSIGNMENT,51af1267-40cf-4efe-9fce-338b6208c4a6,MOU Signing,2026-07-04 12:30:00+00,8e1fdcfe-8db6-4e50-a7ab-d820f9b95c96,TODO
11cd74fc-51ba-49af-8c40-74289bec0a20,J1784 - TVS Emerald Jardin,AFS_MOU_SIGNED,ASSIGNMENT,fdf21802-72eb-4a21-aa8b-86f41f0938e0,Penny test to be completed,2026-07-02 12:30:00+00,5cd4520c-52d8-4c98-9cc0-232ae767192b,TODO
11cd74fc-51ba-49af-8c40-74289bec0a20,J1784 - TVS Emerald Jardin,AFS_MOU_SIGNED,ASSIGNMENT,d42c9adf-3b6a-4e6b-bf19-54538daf9bad,Safebuy Payment Collection,2026-06-19 12:30:00+00,5cd4520c-52d8-4c98-9cc0-232ae767192b,TODO
11cd74fc-51ba-49af-8c40-74289bec0a20,J1784 - TVS Emerald Jardin,AFS_MOU_SIGNED,ASSIGNMENT,d0dece01-f328-4cdd-9f3f-89be21a0dcde,Stamp duty + Estamp charges collection,2026-07-04 12:30:00+00,5cd4520c-52d8-4c98-9cc0-232ae767192b,TODO
11cd74fc-51ba-49af-8c40-74289bec0a20,J1784 - TVS Emerald Jardin,AFS_MOU_SIGNED,ASSIGNMENT,b52473b6-1776-437c-9fc9-e4c2a35ff831,TDS Payment,2026-07-29 12:30:00+00,c744aa41-ef42-4d2c-81af-bda0d71aeeca,TODO
11cd74fc-51ba-49af-8c40-74289bec0a20,J1784 - TVS Emerald Jardin,AFS_MOU_SIGNED,ASSIGNMENT,642c9731-89b3-478b-9a30-20c6f180cfc9,Token Payment +Whatsapp Grp Creation,2026-06-18 12:30:00+00,c744aa41-ef42-4d2c-81af-bda0d71aeeca,DONE
11cd74fc-51ba-49af-8c40-74289bec0a20,J1784 - TVS Emerald Jardin,AFS_MOU_SIGNED,ASSIGNMENT,cf403e86-15b4-43a0-9857-fd87903d7c8c,Token Release,2026-06-29 12:30:00+00,5cd4520c-52d8-4c98-9cc0-232ae767192b,TODO
156e6878-f8d4-4cda-802f-0f56654c44df,J-2192 - Mana Tropical,AFS_MOU_SIGNED,RESALE,f299f09e-66b1-48aa-877a-35d551dde53a,AFS Draft to be shared,2026-06-18 12:30:00+00,8e1fdcfe-8db6-4e50-a7ab-d820f9b95c96,TODO
156e6878-f8d4-4cda-802f-0f56654c44df,J-2192 - Mana Tropical,AFS_MOU_SIGNED,RESALE,66368a2d-de3c-4787-a209-c1ef6afe5532,AFS/MOU drafting,2026-06-18 07:07:00+00,8e1fdcfe-8db6-4e50-a7ab-d820f9b95c96,DONE
156e6878-f8d4-4cda-802f-0f56654c44df,J-2192 - Mana Tropical,AFS_MOU_SIGNED,RESALE,30eb73a4-c031-4bcc-bc83-693c5c7f0d27,AFS signing,2026-06-22 12:59:00+00,e897ff71-fcc8-4a10-ba07-9c02080a6a80,DONE
156e6878-f8d4-4cda-802f-0f56654c44df,J-2192 - Mana Tropical,AFS_MOU_SIGNED,RESALE,0c552d6b-518a-4673-a280-2d0a40c72028,AFS Signing,2026-06-24 12:30:00+00,8e1fdcfe-8db6-4e50-a7ab-d820f9b95c96,TODO
156e6878-f8d4-4cda-802f-0f56654c44df,J-2192 - Mana Tropical,AFS_MOU_SIGNED,RESALE,ec826c5a-78a3-4f6d-a508-2cc211748b43,Bank Legal Evaluation,2026-07-01 12:30:00+00,e897ff71-fcc8-4a10-ba07-9c02080a6a80,TODO
156e6878-f8d4-4cda-802f-0f56654c44df,J-2192 - Mana Tropical,AFS_MOU_SIGNED,RESALE,fb899f39-faf7-4150-9b4c-3d34bb5dac01,Bank Technical Evaluation,2026-07-06 12:30:00+00,e897ff71-fcc8-4a10-ba07-9c02080a6a80,TODO
156e6878-f8d4-4cda-802f-0f56654c44df,J-2192 - Mana Tropical,AFS_MOU_SIGNED,RESALE,8ad4e490-3ba8-48a4-b073-51c9ef6f9f87,Bank to be selected,2026-06-12 12:30:00+00,5cd4520c-52d8-4c98-9cc0-232ae767192b,TODO
156e6878-f8d4-4cda-802f-0f56654c44df,J-2192 - Mana Tropical,AFS_MOU_SIGNED,RESALE,deb41397-3db2-4ff4-9d89-129ca6bb6e1f,BESCOM,2026-08-27 12:30:00+00,e897ff71-fcc8-4a10-ba07-9c02080a6a80,TODO
156e6878-f8d4-4cda-802f-0f56654c44df,J-2192 - Mana Tropical,AFS_MOU_SIGNED,RESALE,9790ba26-e1ec-40ae-8186-bae29b0573cc,Deal Term Sheet Drafting & Signing,2026-06-09 12:30:00+00,5cd4520c-52d8-4c98-9cc0-232ae767192b,TODO
156e6878-f8d4-4cda-802f-0f56654c44df,J-2192 - Mana Tropical,AFS_MOU_SIGNED,RESALE,1749af12-1458-4502-9028-470d1ed90795,Docket signing,2026-07-17 12:30:00+00,e897ff71-fcc8-4a10-ba07-9c02080a6a80,TODO
156e6878-f8d4-4cda-802f-0f56654c44df,J-2192 - Mana Tropical,AFS_MOU_SIGNED,RESALE,63f708d9-ad02-4bd3-a61a-645cab3cfeec,Ekhata Check,2026-06-22 12:59:00+00,e897ff71-fcc8-4a10-ba07-9c02080a6a80,DONE
156e6878-f8d4-4cda-802f-0f56654c44df,J-2192 - Mana Tropical,AFS_MOU_SIGNED,RESALE,e38d83b8-4b19-4fe7-9973-0039119ee107,E- khata to be checked if its open,2026-06-09 12:30:00+00,e897ff71-fcc8-4a10-ba07-9c02080a6a80,TODO
156e6878-f8d4-4cda-802f-0f56654c44df,J-2192 - Mana Tropical,AFS_MOU_SIGNED,RESALE,9b109da3-8303-4eef-85df-415e69878cb0,E Khata Transfer,2026-08-10 12:30:00+00,e897ff71-fcc8-4a10-ba07-9c02080a6a80,TODO
156e6878-f8d4-4cda-802f-0f56654c44df,J-2192 - Mana Tropical,AFS_MOU_SIGNED,RESALE,4ca9efcc-f22b-4743-ab71-e411e3161911,Estamp Procurement,2026-06-22 12:30:00+00,e897ff71-fcc8-4a10-ba07-9c02080a6a80,TODO
156e6878-f8d4-4cda-802f-0f56654c44df,J-2192 - Mana Tropical,AFS_MOU_SIGNED,RESALE,9cc59504-c30c-40f5-87ec-24fc547da290,Jumbo Fee Collection from the Seller,2026-06-24 12:30:00+00,5cd4520c-52d8-4c98-9cc0-232ae767192b,TODO
156e6878-f8d4-4cda-802f-0f56654c44df,J-2192 - Mana Tropical,AFS_MOU_SIGNED,RESALE,b6e017c6-93c3-42bf-80c0-2f6f98fd64d7,Legal Due diligence,2026-06-15 12:25:00+00,e3fe351e-394d-43fb-af09-6a642b40407c,DONE
156e6878-f8d4-4cda-802f-0f56654c44df,J-2192 - Mana Tropical,AFS_MOU_SIGNED,RESALE,7cc0a758-5839-43e1-90e3-60ee927b52a4,Legal Due Diligence to be completed,2026-06-17 12:30:00+00,5cd4520c-52d8-4c98-9cc0-232ae767192b,TODO
156e6878-f8d4-4cda-802f-0f56654c44df,J-2192 - Mana Tropical,AFS_MOU_SIGNED,RESALE,80cabd70-940c-449f-ae8f-ae99d89715ba,Legal Due Diligence to be initiated,2026-06-10 12:30:00+00,5cd4520c-52d8-4c98-9cc0-232ae767192b,TODO
156e6878-f8d4-4cda-802f-0f56654c44df,J-2192 - Mana Tropical,AFS_MOU_SIGNED,RESALE,0d819bab-07f0-4ba3-accf-122b0502ed2d,ODV,2026-07-11 12:30:00+00,e897ff71-fcc8-4a10-ba07-9c02080a6a80,TODO
156e6878-f8d4-4cda-802f-0f56654c44df,J-2192 - Mana Tropical,AFS_MOU_SIGNED,RESALE,c15ef0e2-0441-4053-8da9-61bb3843052e,Penny Test,2026-06-22 12:58:00+00,e3fe351e-394d-43fb-af09-6a642b40407c,DONE
156e6878-f8d4-4cda-802f-0f56654c44df,J-2192 - Mana Tropical,AFS_MOU_SIGNED,RESALE,8dae0b58-08b3-42c1-9ac3-d71611936721,Penny test to be completed,2026-06-19 12:30:00+00,5cd4520c-52d8-4c98-9cc0-232ae767192b,TODO
156e6878-f8d4-4cda-802f-0f56654c44df,J-2192 - Mana Tropical,AFS_MOU_SIGNED,RESALE,35759d11-ce8c-42cb-ba61-cdbceb58cd08,Property Tax Name Change,2026-08-11 12:30:00+00,e897ff71-fcc8-4a10-ba07-9c02080a6a80,TODO
156e6878-f8d4-4cda-802f-0f56654c44df,J-2192 - Mana Tropical,AFS_MOU_SIGNED,RESALE,6db42d26-c718-4380-b375-e2654d274f83,Safebuy Payment Collection,2026-06-09 12:30:00+00,5cd4520c-52d8-4c98-9cc0-232ae767192b,TODO
156e6878-f8d4-4cda-802f-0f56654c44df,J-2192 - Mana Tropical,AFS_MOU_SIGNED,RESALE,6f444521-fe52-42f1-b301-fc5aa16c3b70,Sale deed drafting,2026-06-30 13:00:00+00,8e1fdcfe-8db6-4e50-a7ab-d820f9b95c96,IN_PROGRESS
156e6878-f8d4-4cda-802f-0f56654c44df,J-2192 - Mana Tropical,AFS_MOU_SIGNED,RESALE,d0ef9b5d-fba7-422a-ba27-264798c9b416,Sale deed Registration,2026-07-23 12:30:00+00,e897ff71-fcc8-4a10-ba07-9c02080a6a80,TODO
156e6878-f8d4-4cda-802f-0f56654c44df,J-2192 - Mana Tropical,AFS_MOU_SIGNED,RESALE,650b703b-027b-4f9f-b5df-4aed825d98c9,Sale deed to be shared on group,2026-06-25 12:30:00+00,8e1fdcfe-8db6-4e50-a7ab-d820f9b95c96,TODO
156e6878-f8d4-4cda-802f-0f56654c44df,J-2192 - Mana Tropical,AFS_MOU_SIGNED,RESALE,91255038-17d0-4246-ad0f-82e0d4b8a354,SRO Slot booking,2026-07-20 12:30:00+00,e897ff71-fcc8-4a10-ba07-9c02080a6a80,TODO
156e6878-f8d4-4cda-802f-0f56654c44df,J-2192 - Mana Tropical,AFS_MOU_SIGNED,RESALE,705dfd28-0d26-44a6-adb0-c37af51bbf7d,Stamp duty + Estamp charges collection,2026-06-22 12:30:00+00,5cd4520c-52d8-4c98-9cc0-232ae767192b,TODO
156e6878-f8d4-4cda-802f-0f56654c44df,J-2192 - Mana Tropical,AFS_MOU_SIGNED,RESALE,21760af6-a6ea-40b9-91b7-0ff446625f20,TDS Payment,2026-07-22 12:30:00+00,c744aa41-ef42-4d2c-81af-bda0d71aeeca,TODO
156e6878-f8d4-4cda-802f-0f56654c44df,J-2192 - Mana Tropical,AFS_MOU_SIGNED,RESALE,7725f2ba-91ca-45e9-92bf-8bfc9a289b42,Token Payment +Whatsapp Grp Creation,2026-06-08 12:30:00+00,c744aa41-ef42-4d2c-81af-bda0d71aeeca,DONE
156e6878-f8d4-4cda-802f-0f56654c44df,J-2192 - Mana Tropical,AFS_MOU_SIGNED,RESALE,02eec34d-d88a-45ea-aff9-9ae687bab0cb,Token Release,2026-06-18 12:30:00+00,5cd4520c-52d8-4c98-9cc0-232ae767192b,TODO
156e6878-f8d4-4cda-802f-0f56654c44df,J-2192 - Mana Tropical,AFS_MOU_SIGNED,RESALE,f9ffbc98-0355-4d38-b9d0-e22038b22e3f,Token Transfer,2026-06-16 07:06:00+00,e3fe351e-394d-43fb-af09-6a642b40407c,DONE
19346e5a-75ef-46f6-916c-01f33264045c,J1735 - GM Ecity,AFS_MOU_SIGNED,RESALE,27a92ee6-4c0b-4cb4-ab74-a7a132e7ac78,Token Release,2026-06-17 08:27:00+00,e3fe351e-394d-43fb-af09-6a642b40407c,DONE
20c027ee-5ae6-4d40-9674-c4f3e7cec4a5,J1927 - Brigade Corner Stone Utopia,AFS_MOU_SIGNED,RESALE,8c3a72d5-bdf7-496f-9814-7a699466ec2e,AFS Draft to be shared,2026-05-28 12:30:00+00,8e1fdcfe-8db6-4e50-a7ab-d820f9b95c96,DONE
20c027ee-5ae6-4d40-9674-c4f3e7cec4a5,J1927 - Brigade Corner Stone Utopia,AFS_MOU_SIGNED,RESALE,53e0fd37-f9cc-4e13-8f77-9eaea7ac2790,AFS  Signing,2026-06-24 09:54:00+00,e897ff71-fcc8-4a10-ba07-9c02080a6a80,DONE
20c027ee-5ae6-4d40-9674-c4f3e7cec4a5,J1927 - Brigade Corner Stone Utopia,AFS_MOU_SIGNED,RESALE,b3d60a79-0e25-4810-8980-ee6020bf3f1d,AFS Signing,2026-06-03 12:30:00+00,8e1fdcfe-8db6-4e50-a7ab-d820f9b95c96,DONE
20c027ee-5ae6-4d40-9674-c4f3e7cec4a5,J1927 - Brigade Corner Stone Utopia,AFS_MOU_SIGNED,RESALE,d57649b7-646b-44e7-8de9-fb614c55b85c,Bank Legal Evaluation,2026-06-10 12:30:00+00,e897ff71-fcc8-4a10-ba07-9c02080a6a80,TODO
20c027ee-5ae6-4d40-9674-c4f3e7cec4a5,J1927 - Brigade Corner Stone Utopia,AFS_MOU_SIGNED,RESALE,91c59487-3d6c-41e4-aa18-e306e9f000db,Bank Technical Evaluation,2026-06-15 12:30:00+00,e897ff71-fcc8-4a10-ba07-9c02080a6a80,TODO
20c027ee-5ae6-4d40-9674-c4f3e7cec4a5,J1927 - Brigade Corner Stone Utopia,AFS_MOU_SIGNED,RESALE,70f96d95-3b95-4a81-98f5-48c4f43faddd,Bank to be selected,2026-05-22 12:30:00+00,5cd4520c-52d8-4c98-9cc0-232ae767192b,TODO
20c027ee-5ae6-4d40-9674-c4f3e7cec4a5,J1927 - Brigade Corner Stone Utopia,AFS_MOU_SIGNED,RESALE,e02313bf-033b-4948-a5de-3ce8655555b2,BESCOM,2026-08-06 12:30:00+00,e897ff71-fcc8-4a10-ba07-9c02080a6a80,TODO
20c027ee-5ae6-4d40-9674-c4f3e7cec4a5,J1927 - Brigade Corner Stone Utopia,AFS_MOU_SIGNED,RESALE,05c8788c-a69f-4c01-be8a-00adc92f5c7c,Check E Khata Status,2026-06-15 09:57:00+00,e897ff71-fcc8-4a10-ba07-9c02080a6a80,DONE
20c027ee-5ae6-4d40-9674-c4f3e7cec4a5,J1927 - Brigade Corner Stone Utopia,AFS_MOU_SIGNED,RESALE,04e3b8b9-cc08-41db-bb54-abb4956fd218,Deal Term Sheet Drafting & Signing,2026-05-19 12:30:00+00,5cd4520c-52d8-4c98-9cc0-232ae767192b,TODO
20c027ee-5ae6-4d40-9674-c4f3e7cec4a5,J1927 - Brigade Corner Stone Utopia,AFS_MOU_SIGNED,RESALE,b94b3da4-9634-4a86-b419-2f17110bbff8,Docket signing,2026-06-26 12:30:00+00,e897ff71-fcc8-4a10-ba07-9c02080a6a80,TODO
20c027ee-5ae6-4d40-9674-c4f3e7cec4a5,J1927 - Brigade Corner Stone Utopia,AFS_MOU_SIGNED,RESALE,45631bd6-560f-4ff4-a3bd-b8c651b8ba72,Ekhata Check,2026-06-22 12:36:00+00,e897ff71-fcc8-4a10-ba07-9c02080a6a80,DONE
20c027ee-5ae6-4d40-9674-c4f3e7cec4a5,J1927 - Brigade Corner Stone Utopia,AFS_MOU_SIGNED,RESALE,7e2601bf-ff8e-45cb-a2c0-ea939337f897,E- khata to be checked if its open,2026-05-19 12:30:00+00,e897ff71-fcc8-4a10-ba07-9c02080a6a80,TODO
20c027ee-5ae6-4d40-9674-c4f3e7cec4a5,J1927 - Brigade Corner Stone Utopia,AFS_MOU_SIGNED,RESALE,1f8a4b94-0f30-4887-92e8-9c47140fd2d5,E Khata Transfer,2026-07-20 12:30:00+00,e897ff71-fcc8-4a10-ba07-9c02080a6a80,TODO
20c027ee-5ae6-4d40-9674-c4f3e7cec4a5,J1927 - Brigade Corner Stone Utopia,AFS_MOU_SIGNED,RESALE,6532fa25-8756-404e-ad11-48a5a7c37283,Estamp Procurement,2026-06-01 12:30:00+00,e897ff71-fcc8-4a10-ba07-9c02080a6a80,TODO
20c027ee-5ae6-4d40-9674-c4f3e7cec4a5,J1927 - Brigade Corner Stone Utopia,AFS_MOU_SIGNED,RESALE,07cbf630-746d-40c0-877e-ca892eb068fc,Jumbo Fee Collection from the Seller,2026-06-03 12:30:00+00,5cd4520c-52d8-4c98-9cc0-232ae767192b,TODO
20c027ee-5ae6-4d40-9674-c4f3e7cec4a5,J1927 - Brigade Corner Stone Utopia,AFS_MOU_SIGNED,RESALE,ad8fae8f-aca0-475b-b112-2963679995bf,Legal Due Diligence to be completed,2026-05-27 12:30:00+00,5cd4520c-52d8-4c98-9cc0-232ae767192b,TODO
20c027ee-5ae6-4d40-9674-c4f3e7cec4a5,J1927 - Brigade Corner Stone Utopia,AFS_MOU_SIGNED,RESALE,f56091f2-bce6-40b6-b0ef-100d59f95cb3,Legal Due Diligence to be initiated,2026-05-20 12:30:00+00,5cd4520c-52d8-4c98-9cc0-232ae767192b,TODO
20c027ee-5ae6-4d40-9674-c4f3e7cec4a5,J1927 - Brigade Corner Stone Utopia,AFS_MOU_SIGNED,RESALE,f975826b-4cb7-4937-84b4-e9e87d2cedaa,ODV,2026-06-20 12:30:00+00,e897ff71-fcc8-4a10-ba07-9c02080a6a80,TODO
20c027ee-5ae6-4d40-9674-c4f3e7cec4a5,J1927 - Brigade Corner Stone Utopia,AFS_MOU_SIGNED,RESALE,bd4298a2-e733-4083-a36a-5519a07757a6,Penny test to be completed,2026-05-29 12:30:00+00,5cd4520c-52d8-4c98-9cc0-232ae767192b,TODO
20c027ee-5ae6-4d40-9674-c4f3e7cec4a5,J1927 - Brigade Corner Stone Utopia,AFS_MOU_SIGNED,RESALE,cc1760e6-6041-450e-8db2-2fd06972dfed,Property Tax Name Change,2026-07-21 12:30:00+00,e897ff71-fcc8-4a10-ba07-9c02080a6a80,TODO
20c027ee-5ae6-4d40-9674-c4f3e7cec4a5,J1927 - Brigade Corner Stone Utopia,AFS_MOU_SIGNED,RESALE,7f30b623-e7ab-464b-a019-f42b7f854e6f,Safebuy Payment Collection,2026-05-19 12:30:00+00,5cd4520c-52d8-4c98-9cc0-232ae767192b,TODO
20c027ee-5ae6-4d40-9674-c4f3e7cec4a5,J1927 - Brigade Corner Stone Utopia,AFS_MOU_SIGNED,RESALE,7245b6c7-4325-4b72-8519-9cd4afd7231b,Sale deed drafting,2026-06-24 12:37:00+00,8e1fdcfe-8db6-4e50-a7ab-d820f9b95c96,DONE
20c027ee-5ae6-4d40-9674-c4f3e7cec4a5,J1927 - Brigade Corner Stone Utopia,AFS_MOU_SIGNED,RESALE,bfb3e867-37de-484f-8941-4767c5398fde,Sale deed Registration,2026-07-02 12:30:00+00,e897ff71-fcc8-4a10-ba07-9c02080a6a80,TODO
20c027ee-5ae6-4d40-9674-c4f3e7cec4a5,J1927 - Brigade Corner Stone Utopia,AFS_MOU_SIGNED,RESALE,2ebc94e4-6703-465e-8328-bb26ce652f55,Sale deed to be shared on group,2026-06-04 12:30:00+00,8e1fdcfe-8db6-4e50-a7ab-d820f9b95c96,DONE
20c027ee-5ae6-4d40-9674-c4f3e7cec4a5,J1927 - Brigade Corner Stone Utopia,AFS_MOU_SIGNED,RESALE,b8cb6537-2a1d-46a5-b839-636d69d3bc30,Seller to add beneficiary,2026-06-18 09:57:00+00,e897ff71-fcc8-4a10-ba07-9c02080a6a80,DONE
20c027ee-5ae6-4d40-9674-c4f3e7cec4a5,J1927 - Brigade Corner Stone Utopia,AFS_MOU_SIGNED,RESALE,3cd1d4a0-5eec-4f01-9382-22322967a054,SRO Slot booking,2026-06-29 12:30:00+00,e897ff71-fcc8-4a10-ba07-9c02080a6a80,TODO
20c027ee-5ae6-4d40-9674-c4f3e7cec4a5,J1927 - Brigade Corner Stone Utopia,AFS_MOU_SIGNED,RESALE,da5e820e-055e-4bac-a47b-dd2b7df7c88c,Stamp duty + Estamp charges collection,2026-06-01 12:30:00+00,5cd4520c-52d8-4c98-9cc0-232ae767192b,TODO
20c027ee-5ae6-4d40-9674-c4f3e7cec4a5,J1927 - Brigade Corner Stone Utopia,AFS_MOU_SIGNED,RESALE,9102e597-a79a-40b4-8c6a-992f931f61b2,TDS Payment,2026-07-15 12:30:00+00,c744aa41-ef42-4d2c-81af-bda0d71aeeca,TODO
20c027ee-5ae6-4d40-9674-c4f3e7cec4a5,J1927 - Brigade Corner Stone Utopia,AFS_MOU_SIGNED,RESALE,563e2a47-2f08-4468-a0ec-dace07cc1dd2,Token Payment +Whatsapp Grp Creation,2026-05-18 12:30:00+00,c744aa41-ef42-4d2c-81af-bda0d71aeeca,DONE
20c027ee-5ae6-4d40-9674-c4f3e7cec4a5,J1927 - Brigade Corner Stone Utopia,AFS_MOU_SIGNED,RESALE,878e01c2-5b32-44fd-830f-35585b40e314,Token Release,2026-05-28 12:30:00+00,5cd4520c-52d8-4c98-9cc0-232ae767192b,TODO
2153f638-620a-4966-9563-1a51afe5bb4c,J 2140 Sobha Dream Acres,AFS_MOU_SIGNED,RESALE,dfe9a364-2769-42d3-b036-9e2dd229629d,AFS Draft to be shared,2026-05-25 12:30:00+00,8e1fdcfe-8db6-4e50-a7ab-d820f9b95c96,DONE
2153f638-620a-4966-9563-1a51afe5bb4c,J 2140 Sobha Dream Acres,AFS_MOU_SIGNED,RESALE,01dbab04-8962-4e41-821f-070b5667540c,AFS signing,2026-06-26 12:33:00+00,8e1fdcfe-8db6-4e50-a7ab-d820f9b95c96,IN_PROGRESS
2153f638-620a-4966-9563-1a51afe5bb4c,J 2140 Sobha Dream Acres,AFS_MOU_SIGNED,RESALE,f7592c99-a2e0-4898-878a-8a7220e5c2ca,AFS Signing,2026-05-30 12:30:00+00,8e1fdcfe-8db6-4e50-a7ab-d820f9b95c96,DONE
2153f638-620a-4966-9563-1a51afe5bb4c,J 2140 Sobha Dream Acres,AFS_MOU_SIGNED,RESALE,11c1f4eb-6b6a-48a3-84f0-543331008e8d,Bank Legal Evaluation,2026-06-06 12:30:00+00,e897ff71-fcc8-4a10-ba07-9c02080a6a80,TODO
2153f638-620a-4966-9563-1a51afe5bb4c,J 2140 Sobha Dream Acres,AFS_MOU_SIGNED,RESALE,50be88c4-3d03-4ea3-be78-0d891a2c12c5,Bank Technical Evaluation,2026-06-11 12:30:00+00,e897ff71-fcc8-4a10-ba07-9c02080a6a80,TODO
2153f638-620a-4966-9563-1a51afe5bb4c,J 2140 Sobha Dream Acres,AFS_MOU_SIGNED,RESALE,026fe514-188a-4d10-8d09-b23b0356727a,Bank to be selected,2026-05-19 12:30:00+00,5cd4520c-52d8-4c98-9cc0-232ae767192b,TODO
2153f638-620a-4966-9563-1a51afe5bb4c,J 2140 Sobha Dream Acres,AFS_MOU_SIGNED,RESALE,db396556-5fd4-4136-9cf8-9421adbe41a1,BESCOM,2026-08-03 12:30:00+00,e897ff71-fcc8-4a10-ba07-9c02080a6a80,TODO
2153f638-620a-4966-9563-1a51afe5bb4c,J 2140 Sobha Dream Acres,AFS_MOU_SIGNED,RESALE,049653b1-3f64-4024-9687-310c73081b82,Deal Term Sheet Drafting & Signing,2026-05-15 12:30:00+00,5cd4520c-52d8-4c98-9cc0-232ae767192b,TODO
2153f638-620a-4966-9563-1a51afe5bb4c,J 2140 Sobha Dream Acres,AFS_MOU_SIGNED,RESALE,52449124-9b88-458b-b823-746a394af135,Docket signing,2026-06-23 12:30:00+00,e897ff71-fcc8-4a10-ba07-9c02080a6a80,TODO
2153f638-620a-4966-9563-1a51afe5bb4c,J 2140 Sobha Dream Acres,AFS_MOU_SIGNED,RESALE,a9a63d55-4730-4730-af80-8200092cfaea,Ekhata Check,2026-06-22 12:34:00+00,e897ff71-fcc8-4a10-ba07-9c02080a6a80,DONE
2153f638-620a-4966-9563-1a51afe5bb4c,J 2140 Sobha Dream Acres,AFS_MOU_SIGNED,RESALE,e254022e-4e7b-443e-9179-209e49f23184,E- khata to be checked if its open,2026-05-15 12:30:00+00,e897ff71-fcc8-4a10-ba07-9c02080a6a80,TODO
2153f638-620a-4966-9563-1a51afe5bb4c,J 2140 Sobha Dream Acres,AFS_MOU_SIGNED,RESALE,4b70bd71-23bb-4541-8127-87ae89e27d8b,E Khata Transfer,2026-07-16 12:30:00+00,e897ff71-fcc8-4a10-ba07-9c02080a6a80,TODO
2153f638-620a-4966-9563-1a51afe5bb4c,J 2140 Sobha Dream Acres,AFS_MOU_SIGNED,RESALE,e413a256-28f6-42ad-8eb5-416461583906,Estamp Procurement,2026-05-28 12:30:00+00,e897ff71-fcc8-4a10-ba07-9c02080a6a80,TODO
2153f638-620a-4966-9563-1a51afe5bb4c,J 2140 Sobha Dream Acres,AFS_MOU_SIGNED,RESALE,fd013356-1404-4335-a64d-22d62a73a3ef,Jumbo Fee Collection from the Seller,2026-05-30 12:30:00+00,5cd4520c-52d8-4c98-9cc0-232ae767192b,TODO
2153f638-620a-4966-9563-1a51afe5bb4c,J 2140 Sobha Dream Acres,AFS_MOU_SIGNED,RESALE,28c49fc9-1283-4519-8a52-d7e04be4ea0f,Legal Due Diligence to be completed,2026-05-23 12:30:00+00,5cd4520c-52d8-4c98-9cc0-232ae767192b,TODO
2153f638-620a-4966-9563-1a51afe5bb4c,J 2140 Sobha Dream Acres,AFS_MOU_SIGNED,RESALE,dd1e3d79-f5a6-4f6e-ae02-988ba0ce5a91,Legal Due Diligence to be initiated,2026-05-16 12:30:00+00,5cd4520c-52d8-4c98-9cc0-232ae767192b,TODO
2153f638-620a-4966-9563-1a51afe5bb4c,J 2140 Sobha Dream Acres,AFS_MOU_SIGNED,RESALE,815fa65c-1266-4d44-8956-826f525dd9a2,ODV,2026-06-17 12:30:00+00,e897ff71-fcc8-4a10-ba07-9c02080a6a80,TODO
2153f638-620a-4966-9563-1a51afe5bb4c,J 2140 Sobha Dream Acres,AFS_MOU_SIGNED,RESALE,fd984980-a89a-45ea-9cea-338de77baa53,payment collection,2026-06-18 07:58:00+00,e3fe351e-394d-43fb-af09-6a642b40407c,DONE
2153f638-620a-4966-9563-1a51afe5bb4c,J 2140 Sobha Dream Acres,AFS_MOU_SIGNED,RESALE,56caa92b-6ac6-44df-9d37-a9c7d19fb094,Penny Test,2026-06-26 12:33:00+00,e3fe351e-394d-43fb-af09-6a642b40407c,DONE
2153f638-620a-4966-9563-1a51afe5bb4c,J 2140 Sobha Dream Acres,AFS_MOU_SIGNED,RESALE,6d4d4fbd-5c1d-44dc-a704-224ae5757a6f,Penny test to be completed,2026-05-26 12:30:00+00,5cd4520c-52d8-4c98-9cc0-232ae767192b,TODO
2153f638-620a-4966-9563-1a51afe5bb4c,J 2140 Sobha Dream Acres,AFS_MOU_SIGNED,RESALE,782fb5ed-5aba-484e-869b-9ae91780fa7b,Property Tax Name Change,2026-07-17 12:30:00+00,e897ff71-fcc8-4a10-ba07-9c02080a6a80,TODO
2153f638-620a-4966-9563-1a51afe5bb4c,J 2140 Sobha Dream Acres,AFS_MOU_SIGNED,RESALE,b99d33b0-5692-4d3f-b034-6aaee445a903,Safebuy Payment Collection,2026-05-15 12:30:00+00,5cd4520c-52d8-4c98-9cc0-232ae767192b,TODO
2153f638-620a-4966-9563-1a51afe5bb4c,J 2140 Sobha Dream Acres,AFS_MOU_SIGNED,RESALE,f4b7e9dd-a3be-458e-99c1-df0e891fbe7f,Sale deed drafting,2026-06-29 12:34:00+00,8e1fdcfe-8db6-4e50-a7ab-d820f9b95c96,TODO
2153f638-620a-4966-9563-1a51afe5bb4c,J 2140 Sobha Dream Acres,AFS_MOU_SIGNED,RESALE,84c3fe8b-bf25-4c2c-b713-f48f307c5d87,Sale deed Registration,2026-06-29 12:30:00+00,e897ff71-fcc8-4a10-ba07-9c02080a6a80,TODO
2153f638-620a-4966-9563-1a51afe5bb4c,J 2140 Sobha Dream Acres,AFS_MOU_SIGNED,RESALE,5c4d1a99-8e6b-49b9-81ed-702784ec6f73,Sale deed to be shared on group,2026-06-01 12:30:00+00,8e1fdcfe-8db6-4e50-a7ab-d820f9b95c96,TODO
2153f638-620a-4966-9563-1a51afe5bb4c,J 2140 Sobha Dream Acres,AFS_MOU_SIGNED,RESALE,606ec978-cc70-4113-b5e8-2a1e1e545b23,SRO Slot booking,2026-06-25 12:30:00+00,e897ff71-fcc8-4a10-ba07-9c02080a6a80,TODO
2153f638-620a-4966-9563-1a51afe5bb4c,J 2140 Sobha Dream Acres,AFS_MOU_SIGNED,RESALE,ef13f3cd-8f6f-4fc8-8e24-47dc0170f2b6,Stamp duty + Estamp charges collection,2026-05-28 12:30:00+00,5cd4520c-52d8-4c98-9cc0-232ae767192b,TODO
2153f638-620a-4966-9563-1a51afe5bb4c,J 2140 Sobha Dream Acres,AFS_MOU_SIGNED,RESALE,e0c0e802-78c2-4355-b25d-c4aff2cf456b,TDS Payment,2026-07-31 12:30:00+00,c744aa41-ef42-4d2c-81af-bda0d71aeeca,TODO
2153f638-620a-4966-9563-1a51afe5bb4c,J 2140 Sobha Dream Acres,AFS_MOU_SIGNED,RESALE,49742abe-58d5-4169-b913-fd6265b7b743,Token Payment +Whatsapp Grp Creation,2026-05-14 12:30:00+00,c744aa41-ef42-4d2c-81af-bda0d71aeeca,DONE
2153f638-620a-4966-9563-1a51afe5bb4c,J 2140 Sobha Dream Acres,AFS_MOU_SIGNED,RESALE,7c2287b4-5b9e-4ee8-a78f-534b90f9085f,Token Release,2026-05-25 12:30:00+00,5cd4520c-52d8-4c98-9cc0-232ae767192b,TODO
387ac130-f24d-476b-8e81-cfa3d1b12738,J-1350 - Krishvi BVL Sutra,TERM_SHEET_SIGNED,RESALE,5904df16-0d4d-422d-a00c-63529449b8f6,AFS Drafting,2026-07-06 10:31:00+00,8e1fdcfe-8db6-4e50-a7ab-d820f9b95c96,TODO
387ac130-f24d-476b-8e81-cfa3d1b12738,J-1350 - Krishvi BVL Sutra,TERM_SHEET_SIGNED,RESALE,08b4f2f3-524b-43af-a2f0-14c0cb916607,AFS Draft to be shared,2026-07-01 12:30:00+00,8e1fdcfe-8db6-4e50-a7ab-d820f9b95c96,TODO
387ac130-f24d-476b-8e81-cfa3d1b12738,J-1350 - Krishvi BVL Sutra,TERM_SHEET_SIGNED,RESALE,79cf94fb-e3a4-4795-aa76-aa2a2619f333,AFS Signing,2026-07-07 12:30:00+00,8e1fdcfe-8db6-4e50-a7ab-d820f9b95c96,TODO
387ac130-f24d-476b-8e81-cfa3d1b12738,J-1350 - Krishvi BVL Sutra,TERM_SHEET_SIGNED,RESALE,1d09757a-0b21-466d-b250-8898f5e1842b,Bank Legal Evaluation,2026-07-14 12:30:00+00,e897ff71-fcc8-4a10-ba07-9c02080a6a80,TODO
387ac130-f24d-476b-8e81-cfa3d1b12738,J-1350 - Krishvi BVL Sutra,TERM_SHEET_SIGNED,RESALE,9b7e23a6-c97d-4c02-a277-d3230f4d3d62,Bank Technical Evaluation,2026-07-18 12:30:00+00,e897ff71-fcc8-4a10-ba07-9c02080a6a80,TODO
387ac130-f24d-476b-8e81-cfa3d1b12738,J-1350 - Krishvi BVL Sutra,TERM_SHEET_SIGNED,RESALE,b06a91d2-e221-4ede-8a69-c0af011efe54,Bank to be selected,2026-06-25 12:30:00+00,5cd4520c-52d8-4c98-9cc0-232ae767192b,TODO
387ac130-f24d-476b-8e81-cfa3d1b12738,J-1350 - Krishvi BVL Sutra,TERM_SHEET_SIGNED,RESALE,d41fc02a-2c44-47e5-a046-e2f3d64bee99,BESCOM,2026-09-09 12:30:00+00,e897ff71-fcc8-4a10-ba07-9c02080a6a80,TODO
387ac130-f24d-476b-8e81-cfa3d1b12738,J-1350 - Krishvi BVL Sutra,TERM_SHEET_SIGNED,RESALE,5f03fe67-7b43-41ef-a462-cc99ac83aa81,Deal Term sheet Drafting,2026-06-23 05:52:00+00,e3fe351e-394d-43fb-af09-6a642b40407c,DONE
387ac130-f24d-476b-8e81-cfa3d1b12738,J-1350 - Krishvi BVL Sutra,TERM_SHEET_SIGNED,RESALE,a3123e74-b233-4f61-a134-74151fdd31c7,Deal Term Sheet Drafting & Signing,2026-06-22 12:30:00+00,5cd4520c-52d8-4c98-9cc0-232ae767192b,TODO
387ac130-f24d-476b-8e81-cfa3d1b12738,J-1350 - Krishvi BVL Sutra,TERM_SHEET_SIGNED,RESALE,28778a20-db15-4975-b497-bdbefcfd45b6,Deal Term sheet signing,2026-07-01 05:53:00+00,e3fe351e-394d-43fb-af09-6a642b40407c,DONE
387ac130-f24d-476b-8e81-cfa3d1b12738,J-1350 - Krishvi BVL Sutra,TERM_SHEET_SIGNED,RESALE,d07c8802-d5fc-476b-a931-323ea7b304ef,Docket signing,2026-07-30 12:30:00+00,e897ff71-fcc8-4a10-ba07-9c02080a6a80,TODO
387ac130-f24d-476b-8e81-cfa3d1b12738,J-1350 - Krishvi BVL Sutra,TERM_SHEET_SIGNED,RESALE,c6722890-5eb5-48f1-968a-0f20667ccc4c,E- khata to be checked if its open,2026-06-22 12:30:00+00,e897ff71-fcc8-4a10-ba07-9c02080a6a80,TODO
387ac130-f24d-476b-8e81-cfa3d1b12738,J-1350 - Krishvi BVL Sutra,TERM_SHEET_SIGNED,RESALE,c567011f-8573-4231-9d67-ea9a629eaa58,E Khata Transfer,2026-08-22 12:30:00+00,e897ff71-fcc8-4a10-ba07-9c02080a6a80,TODO
387ac130-f24d-476b-8e81-cfa3d1b12738,J-1350 - Krishvi BVL Sutra,TERM_SHEET_SIGNED,RESALE,b0cab57a-2c61-4d54-b0ed-7fb1b3642ff0,Estamp Procurement,2026-07-04 12:30:00+00,e897ff71-fcc8-4a10-ba07-9c02080a6a80,TODO
387ac130-f24d-476b-8e81-cfa3d1b12738,J-1350 - Krishvi BVL Sutra,TERM_SHEET_SIGNED,RESALE,0d449130-c0d1-43ba-841a-3625ce10bca9,Jumbo Fee Collection from the Seller,2026-07-07 12:30:00+00,5cd4520c-52d8-4c98-9cc0-232ae767192b,TODO
387ac130-f24d-476b-8e81-cfa3d1b12738,J-1350 - Krishvi BVL Sutra,TERM_SHEET_SIGNED,RESALE,bd3294e7-69a3-4969-9477-ee561b2e7705,Legal Due Diligence to be completed,2026-06-30 12:30:00+00,5cd4520c-52d8-4c98-9cc0-232ae767192b,TODO
387ac130-f24d-476b-8e81-cfa3d1b12738,J-1350 - Krishvi BVL Sutra,TERM_SHEET_SIGNED,RESALE,2158eb50-37cb-4f43-825e-f43a71f7cf2d,Legal Due Diligence to be initiated,2026-06-23 12:30:00+00,5cd4520c-52d8-4c98-9cc0-232ae767192b,TODO
387ac130-f24d-476b-8e81-cfa3d1b12738,J-1350 - Krishvi BVL Sutra,TERM_SHEET_SIGNED,RESALE,b52b0e98-09d7-48cc-bf69-746d1baa02a3,ODV,2026-07-24 12:30:00+00,e897ff71-fcc8-4a10-ba07-9c02080a6a80,TODO
387ac130-f24d-476b-8e81-cfa3d1b12738,J-1350 - Krishvi BVL Sutra,TERM_SHEET_SIGNED,RESALE,841f6b24-0c47-47bc-8acb-ba53c418474e,Penny test to be completed,2026-07-02 12:30:00+00,5cd4520c-52d8-4c98-9cc0-232ae767192b,TODO
387ac130-f24d-476b-8e81-cfa3d1b12738,J-1350 - Krishvi BVL Sutra,TERM_SHEET_SIGNED,RESALE,e3a10606-a438-430b-a9e4-8739b7285436,Property Tax Name Change,2026-08-24 12:30:00+00,e897ff71-fcc8-4a10-ba07-9c02080a6a80,TODO
387ac130-f24d-476b-8e81-cfa3d1b12738,J-1350 - Krishvi BVL Sutra,TERM_SHEET_SIGNED,RESALE,74d2dcd6-7d74-458b-8c80-797e073a3709,Safebuy Payment Collection,2026-06-22 12:30:00+00,5cd4520c-52d8-4c98-9cc0-232ae767192b,TODO
387ac130-f24d-476b-8e81-cfa3d1b12738,J-1350 - Krishvi BVL Sutra,TERM_SHEET_SIGNED,RESALE,51d072ea-91af-4580-898b-ef64e43ec11d,Sale deed Registration,2026-08-05 12:30:00+00,e897ff71-fcc8-4a10-ba07-9c02080a6a80,TODO
387ac130-f24d-476b-8e81-cfa3d1b12738,J-1350 - Krishvi BVL Sutra,TERM_SHEET_SIGNED,RESALE,d743e810-cedb-459b-a133-f5ff9e37dcba,Sale deed to be shared on group,2026-07-08 12:30:00+00,8e1fdcfe-8db6-4e50-a7ab-d820f9b95c96,TODO
387ac130-f24d-476b-8e81-cfa3d1b12738,J-1350 - Krishvi BVL Sutra,TERM_SHEET_SIGNED,RESALE,4f173b6c-00a5-4a27-b5ee-41c21c5c164d,SRO Slot booking,2026-08-01 12:30:00+00,e897ff71-fcc8-4a10-ba07-9c02080a6a80,TODO
387ac130-f24d-476b-8e81-cfa3d1b12738,J-1350 - Krishvi BVL Sutra,TERM_SHEET_SIGNED,RESALE,2de1eb2f-69e1-45f9-b490-e2165adb2a50,Stamp duty + Estamp charges collection,2026-07-04 12:30:00+00,5cd4520c-52d8-4c98-9cc0-232ae767192b,TODO
387ac130-f24d-476b-8e81-cfa3d1b12738,J-1350 - Krishvi BVL Sutra,TERM_SHEET_SIGNED,RESALE,99e5866e-9cf4-4f7d-a6a2-dd0b939d24d4,TDS Payment,2026-07-31 12:30:00+00,c744aa41-ef42-4d2c-81af-bda0d71aeeca,TODO
387ac130-f24d-476b-8e81-cfa3d1b12738,J-1350 - Krishvi BVL Sutra,TERM_SHEET_SIGNED,RESALE,f81bea48-9a21-42eb-a32b-d21a9fe24c5b,Token Payment +Whatsapp Grp Creation,2026-06-21 12:30:00+00,c744aa41-ef42-4d2c-81af-bda0d71aeeca,DONE
387ac130-f24d-476b-8e81-cfa3d1b12738,J-1350 - Krishvi BVL Sutra,TERM_SHEET_SIGNED,RESALE,daa2c754-6099-48b3-ab3f-5c484d771766,Token Release,2026-07-01 12:30:00+00,5cd4520c-52d8-4c98-9cc0-232ae767192b,TODO
4badfc82-13dd-46dc-897c-84245f0fb943,J1649 Nishant Prime,AFS_MOU_SIGNED,RESALE,87b54db7-3d37-4c74-8662-eb644706b16b,AFS Draft to be shared,2026-06-11 12:30:00+00,8e1fdcfe-8db6-4e50-a7ab-d820f9b95c96,TODO
4badfc82-13dd-46dc-897c-84245f0fb943,J1649 Nishant Prime,AFS_MOU_SIGNED,RESALE,6783b43b-a257-4b28-bb57-c18731f3b424,AFS Signing,2026-06-17 12:30:00+00,8e1fdcfe-8db6-4e50-a7ab-d820f9b95c96,TODO
4badfc82-13dd-46dc-897c-84245f0fb943,J1649 Nishant Prime,AFS_MOU_SIGNED,RESALE,1acb8c49-dae5-4b43-970d-6380e7aec4a1,Bank Legal Evaluation,2026-06-24 12:30:00+00,e897ff71-fcc8-4a10-ba07-9c02080a6a80,TODO
4badfc82-13dd-46dc-897c-84245f0fb943,J1649 Nishant Prime,AFS_MOU_SIGNED,RESALE,a9e9de28-488b-478c-98f4-f1441bea3167,Bank Technical Evaluation,2026-06-29 12:30:00+00,e897ff71-fcc8-4a10-ba07-9c02080a6a80,TODO
4badfc82-13dd-46dc-897c-84245f0fb943,J1649 Nishant Prime,AFS_MOU_SIGNED,RESALE,c433af46-37ca-4194-bdc9-00255b32a28e,Bank to be selected,2026-06-05 12:30:00+00,5cd4520c-52d8-4c98-9cc0-232ae767192b,TODO
4badfc82-13dd-46dc-897c-84245f0fb943,J1649 Nishant Prime,AFS_MOU_SIGNED,RESALE,4e8d155b-a54e-464f-82cd-6fcf5b431b9d,BESCOM,2026-08-20 12:30:00+00,e897ff71-fcc8-4a10-ba07-9c02080a6a80,TODO
4badfc82-13dd-46dc-897c-84245f0fb943,J1649 Nishant Prime,AFS_MOU_SIGNED,RESALE,044fbcc7-ca23-4a89-81cd-f7f9517bc8a7,Deal Term Sheet Drafting & Signing,2026-06-02 12:30:00+00,5cd4520c-52d8-4c98-9cc0-232ae767192b,TODO
4badfc82-13dd-46dc-897c-84245f0fb943,J1649 Nishant Prime,AFS_MOU_SIGNED,RESALE,60aa2315-8190-479f-ad2f-7745cf332be2,Docket signing,2026-07-10 12:30:00+00,e897ff71-fcc8-4a10-ba07-9c02080a6a80,TODO
4badfc82-13dd-46dc-897c-84245f0fb943,J1649 Nishant Prime,AFS_MOU_SIGNED,RESALE,638e26b0-104c-4c48-92b4-9d65966e0c67,E- khata to be checked if its open,2026-06-02 12:30:00+00,e897ff71-fcc8-4a10-ba07-9c02080a6a80,TODO
4badfc82-13dd-46dc-897c-84245f0fb943,J1649 Nishant Prime,AFS_MOU_SIGNED,RESALE,dc065486-4388-4e4e-b537-e83a82699a8b,E Khata Transfer,2026-08-03 12:30:00+00,e897ff71-fcc8-4a10-ba07-9c02080a6a80,TODO
4badfc82-13dd-46dc-897c-84245f0fb943,J1649 Nishant Prime,AFS_MOU_SIGNED,RESALE,cc8b40d7-a2a7-4f33-a9aa-75fa98daaddf,Estamp Procurement,2026-06-15 12:30:00+00,e897ff71-fcc8-4a10-ba07-9c02080a6a80,TODO
4badfc82-13dd-46dc-897c-84245f0fb943,J1649 Nishant Prime,AFS_MOU_SIGNED,RESALE,620ec596-943a-4812-98b8-8253fe114838,Jumbo Commission collection,2026-07-15 12:14:00+00,e3fe351e-394d-43fb-af09-6a642b40407c,TODO
4badfc82-13dd-46dc-897c-84245f0fb943,J1649 Nishant Prime,AFS_MOU_SIGNED,RESALE,e5dcd588-2112-4033-a39c-e9770a9f1b45,Jumbo Fee Collection from the Seller,2026-06-17 12:30:00+00,5cd4520c-52d8-4c98-9cc0-232ae767192b,TODO
4badfc82-13dd-46dc-897c-84245f0fb943,J1649 Nishant Prime,AFS_MOU_SIGNED,RESALE,3831282e-113c-49c1-8403-256b5a7f2c31,Legal Due Diligence to be completed,2026-06-10 12:30:00+00,5cd4520c-52d8-4c98-9cc0-232ae767192b,TODO
4badfc82-13dd-46dc-897c-84245f0fb943,J1649 Nishant Prime,AFS_MOU_SIGNED,RESALE,67394e91-17c2-4d48-b1cf-917ca6ec2a1b,Legal Due Diligence to be initiated,2026-06-03 12:30:00+00,5cd4520c-52d8-4c98-9cc0-232ae767192b,TODO
4badfc82-13dd-46dc-897c-84245f0fb943,J1649 Nishant Prime,AFS_MOU_SIGNED,RESALE,ce751285-b4e0-43e2-a2ff-77a04c419e27,ODV,2026-07-04 12:30:00+00,e897ff71-fcc8-4a10-ba07-9c02080a6a80,TODO
4badfc82-13dd-46dc-897c-84245f0fb943,J1649 Nishant Prime,AFS_MOU_SIGNED,RESALE,8b9354fc-cf4f-418f-b130-c569f286cb32,Penny test to be completed,2026-06-12 12:30:00+00,5cd4520c-52d8-4c98-9cc0-232ae767192b,TODO
4badfc82-13dd-46dc-897c-84245f0fb943,J1649 Nishant Prime,AFS_MOU_SIGNED,RESALE,6203153d-78da-4cdd-96b2-dcfeae87fed7,Property Tax Name Change,2026-08-04 12:30:00+00,e897ff71-fcc8-4a10-ba07-9c02080a6a80,TODO
4badfc82-13dd-46dc-897c-84245f0fb943,J1649 Nishant Prime,AFS_MOU_SIGNED,RESALE,11c3016e-e7bd-4eea-a778-b78193223cca,Safebuy Payment Collection,2026-06-02 12:30:00+00,5cd4520c-52d8-4c98-9cc0-232ae767192b,TODO
4badfc82-13dd-46dc-897c-84245f0fb943,J1649 Nishant Prime,AFS_MOU_SIGNED,RESALE,9ffe9951-e7d9-4c43-a17d-d6b860ed2e61,Sale deed Registration,2026-07-16 12:30:00+00,e897ff71-fcc8-4a10-ba07-9c02080a6a80,TODO
4badfc82-13dd-46dc-897c-84245f0fb943,J1649 Nishant Prime,AFS_MOU_SIGNED,RESALE,3817b8c9-9239-43c8-bec0-495961d4378f,Sale deed to be shared on group,2026-06-18 12:30:00+00,8e1fdcfe-8db6-4e50-a7ab-d820f9b95c96,TODO
4badfc82-13dd-46dc-897c-84245f0fb943,J1649 Nishant Prime,AFS_MOU_SIGNED,RESALE,6cb33f59-08b8-4daa-8825-923c5b82c29c,SRO Slot booking,2026-07-13 12:30:00+00,e897ff71-fcc8-4a10-ba07-9c02080a6a80,TODO
4badfc82-13dd-46dc-897c-84245f0fb943,J1649 Nishant Prime,AFS_MOU_SIGNED,RESALE,a0444aeb-6deb-40c7-b961-dcbfa1fe07f8,Stamp duty + Estamp charges collection,2026-06-15 12:30:00+00,5cd4520c-52d8-4c98-9cc0-232ae767192b,TODO
4badfc82-13dd-46dc-897c-84245f0fb943,J1649 Nishant Prime,AFS_MOU_SIGNED,RESALE,b8fe82be-bb09-4b8c-aa8e-01b8ae0f4ae2,TDS Payment,2026-07-22 12:30:00+00,c744aa41-ef42-4d2c-81af-bda0d71aeeca,TODO
4badfc82-13dd-46dc-897c-84245f0fb943,J1649 Nishant Prime,AFS_MOU_SIGNED,RESALE,d59b56b2-1783-4c16-b49e-6427760cdf7f,Token Payment +Whatsapp Grp Creation,2026-06-01 12:30:00+00,c744aa41-ef42-4d2c-81af-bda0d71aeeca,DONE
4badfc82-13dd-46dc-897c-84245f0fb943,J1649 Nishant Prime,AFS_MOU_SIGNED,RESALE,aa2918f9-b5c9-4003-ac99-1b8f80251ec1,Token Release,2026-06-11 12:30:00+00,5cd4520c-52d8-4c98-9cc0-232ae767192b,TODO
4ea4222b-55e1-4ead-b965-ccd0c4e1e5d3,J2245 - Godrej Splendor F303,TERM_SHEET_SIGNED,ASSIGNMENT,d5099151-2ad3-45b4-a6f1-831659bc2da2,Assignment Agrement Initiation with the builder,2026-07-09 12:30:00+00,8e1fdcfe-8db6-4e50-a7ab-d820f9b95c96,TODO
4ea4222b-55e1-4ead-b965-ccd0c4e1e5d3,J2245 - Godrej Splendor F303,TERM_SHEET_SIGNED,ASSIGNMENT,be2a5476-6dd0-4c77-9e6f-869ca6970aab,Assignment Agrement to be signed,2026-07-28 12:30:00+00,8e1fdcfe-8db6-4e50-a7ab-d820f9b95c96,TODO
4ea4222b-55e1-4ead-b965-ccd0c4e1e5d3,J2245 - Godrej Splendor F303,TERM_SHEET_SIGNED,ASSIGNMENT,bfdae9ac-1547-44c6-958c-1331d8dcf9e0,Bank Legal Evaluation,2026-07-14 12:30:00+00,e897ff71-fcc8-4a10-ba07-9c02080a6a80,TODO
4ea4222b-55e1-4ead-b965-ccd0c4e1e5d3,J2245 - Godrej Splendor F303,TERM_SHEET_SIGNED,ASSIGNMENT,45538e2a-bb0c-4a30-8a6a-10ad91c8dea0,Bank Technical Evaluation,2026-07-16 12:30:00+00,e897ff71-fcc8-4a10-ba07-9c02080a6a80,TODO
4ea4222b-55e1-4ead-b965-ccd0c4e1e5d3,J2245 - Godrej Splendor F303,TERM_SHEET_SIGNED,ASSIGNMENT,ffed0e62-b706-4dee-bd00-1abbe257bf4e,Bank to be selected,2026-06-20 12:30:00+00,5cd4520c-52d8-4c98-9cc0-232ae767192b,TODO
4ea4222b-55e1-4ead-b965-ccd0c4e1e5d3,J2245 - Godrej Splendor F303,TERM_SHEET_SIGNED,ASSIGNMENT,89a6ca14-227e-46bb-b176-af6b826e3a84,Deal Term Sheet Drafting,2026-06-18 09:07:00+00,e3fe351e-394d-43fb-af09-6a642b40407c,DONE
4ea4222b-55e1-4ead-b965-ccd0c4e1e5d3,J2245 - Godrej Splendor F303,TERM_SHEET_SIGNED,ASSIGNMENT,4dae79c8-0a3f-47bd-9740-2b7066bdc0aa,Deal Term Sheet Drafting & Signing,2026-06-17 12:30:00+00,5cd4520c-52d8-4c98-9cc0-232ae767192b,TODO
4ea4222b-55e1-4ead-b965-ccd0c4e1e5d3,J2245 - Godrej Splendor F303,TERM_SHEET_SIGNED,ASSIGNMENT,95e2e58b-bfc6-4710-8bb5-7f71446c710f,Deal Term Sheet Signing,2026-06-19 09:08:00+00,e3fe351e-394d-43fb-af09-6a642b40407c,DONE
4ea4222b-55e1-4ead-b965-ccd0c4e1e5d3,J2245 - Godrej Splendor F303,TERM_SHEET_SIGNED,ASSIGNMENT,a8db2ffe-c09b-4b07-8c81-6882519faa22,Docket signing,2026-07-25 12:30:00+00,e897ff71-fcc8-4a10-ba07-9c02080a6a80,TODO
4ea4222b-55e1-4ead-b965-ccd0c4e1e5d3,J2245 - Godrej Splendor F303,TERM_SHEET_SIGNED,ASSIGNMENT,0dc87a34-097c-4cba-9588-07eed616481d,Estamp Procurement,2026-07-02 12:30:00+00,e897ff71-fcc8-4a10-ba07-9c02080a6a80,TODO
4ea4222b-55e1-4ead-b965-ccd0c4e1e5d3,J2245 - Godrej Splendor F303,TERM_SHEET_SIGNED,ASSIGNMENT,75ee1059-f0ca-4e30-82ac-d3063c7fb0fc,Jumbo Fee Collection from the Seller,2026-07-03 12:30:00+00,5cd4520c-52d8-4c98-9cc0-232ae767192b,TODO
4ea4222b-55e1-4ead-b965-ccd0c4e1e5d3,J2245 - Godrej Splendor F303,TERM_SHEET_SIGNED,ASSIGNMENT,b9e57d2d-821f-448c-83ee-698f6a7e3f01,Legal Due Diligence to be completed,2026-06-25 12:30:00+00,5cd4520c-52d8-4c98-9cc0-232ae767192b,TODO
4ea4222b-55e1-4ead-b965-ccd0c4e1e5d3,J2245 - Godrej Splendor F303,TERM_SHEET_SIGNED,ASSIGNMENT,5ccbe216-1127-4cf9-ace2-ae4637cbbea0,Legal Due Diligence to be initiated,2026-06-18 12:30:00+00,5cd4520c-52d8-4c98-9cc0-232ae767192b,TODO
4ea4222b-55e1-4ead-b965-ccd0c4e1e5d3,J2245 - Godrej Splendor F303,TERM_SHEET_SIGNED,ASSIGNMENT,c13e8ebb-1339-4ba2-bcbe-caf58179ee74,Loan Disbursement,2026-08-03 12:30:00+00,e897ff71-fcc8-4a10-ba07-9c02080a6a80,TODO
4ea4222b-55e1-4ead-b965-ccd0c4e1e5d3,J2245 - Godrej Splendor F303,TERM_SHEET_SIGNED,ASSIGNMENT,e891f548-041e-4561-aa52-1ab08106b008,MoU Drafting,2026-06-22 12:09:00+00,8e1fdcfe-8db6-4e50-a7ab-d820f9b95c96,DONE
4ea4222b-55e1-4ead-b965-ccd0c4e1e5d3,J2245 - Godrej Splendor F303,TERM_SHEET_SIGNED,ASSIGNMENT,dca41d2d-85a3-4b29-a4dc-441f359ff035,MOU Draft to be confirmed with the builder,2026-06-27 12:30:00+00,8e1fdcfe-8db6-4e50-a7ab-d820f9b95c96,TODO
4ea4222b-55e1-4ead-b965-ccd0c4e1e5d3,J2245 - Godrej Splendor F303,TERM_SHEET_SIGNED,ASSIGNMENT,85155e33-c434-4147-b712-0306082318f2,MOU draft to be shared on group,2026-06-26 12:30:00+00,8e1fdcfe-8db6-4e50-a7ab-d820f9b95c96,TODO
4ea4222b-55e1-4ead-b965-ccd0c4e1e5d3,J2245 - Godrej Splendor F303,TERM_SHEET_SIGNED,ASSIGNMENT,283ff407-2ec3-4d15-ae96-360f5f1e6bc6,MOU Signing,2026-07-02 12:30:00+00,8e1fdcfe-8db6-4e50-a7ab-d820f9b95c96,TODO
4ea4222b-55e1-4ead-b965-ccd0c4e1e5d3,J2245 - Godrej Splendor F303,TERM_SHEET_SIGNED,ASSIGNMENT,df2004fc-8df5-425d-a83d-e186227fb233,Penny test to be completed,2026-06-30 12:30:00+00,5cd4520c-52d8-4c98-9cc0-232ae767192b,TODO
4ea4222b-55e1-4ead-b965-ccd0c4e1e5d3,J2245 - Godrej Splendor F303,TERM_SHEET_SIGNED,ASSIGNMENT,31c67dbd-048f-4929-a0fa-11ff8926990c,Safebuy Payment Collection,2026-06-17 12:30:00+00,5cd4520c-52d8-4c98-9cc0-232ae767192b,TODO
4ea4222b-55e1-4ead-b965-ccd0c4e1e5d3,J2245 - Godrej Splendor F303,TERM_SHEET_SIGNED,ASSIGNMENT,8395ca13-ff0a-4afe-9013-036231c831b5,Stamp duty + Estamp charges collection,2026-07-02 12:30:00+00,5cd4520c-52d8-4c98-9cc0-232ae767192b,TODO
4ea4222b-55e1-4ead-b965-ccd0c4e1e5d3,J2245 - Godrej Splendor F303,TERM_SHEET_SIGNED,ASSIGNMENT,7c18b71e-bfff-4e43-b588-4f64686b52f7,TDS Payment,2026-07-27 12:30:00+00,c744aa41-ef42-4d2c-81af-bda0d71aeeca,TODO
4ea4222b-55e1-4ead-b965-ccd0c4e1e5d3,J2245 - Godrej Splendor F303,TERM_SHEET_SIGNED,ASSIGNMENT,ed404122-9597-45ae-8ce4-fbe2e1eb84e8,Token Payment +Whatsapp Grp Creation,2026-06-16 12:30:00+00,c744aa41-ef42-4d2c-81af-bda0d71aeeca,DONE
4ea4222b-55e1-4ead-b965-ccd0c4e1e5d3,J2245 - Godrej Splendor F303,TERM_SHEET_SIGNED,ASSIGNMENT,aa087bf1-73f3-4227-8bc5-bfdbb5b5137f,Token Release,2026-06-26 12:30:00+00,5cd4520c-52d8-4c98-9cc0-232ae767192b,DONE
56df465e-36bd-4fbf-8dd0-f34d21dad4e2,[Jumbo] J1620 - DS Max Senate,TOKEN_PAID,ASSIGNMENT,46347e7a-b7a7-4871-af69-3868ece956b7,Assignment Agrement Initiation with the builder,2026-08-06 12:30:00+00,8e1fdcfe-8db6-4e50-a7ab-d820f9b95c96,TODO
56df465e-36bd-4fbf-8dd0-f34d21dad4e2,[Jumbo] J1620 - DS Max Senate,TOKEN_PAID,ASSIGNMENT,906d61b9-5238-423b-b33b-d2ccd79ce319,Assignment Agrement to be signed,2026-08-25 12:30:00+00,8e1fdcfe-8db6-4e50-a7ab-d820f9b95c96,TODO
56df465e-36bd-4fbf-8dd0-f34d21dad4e2,[Jumbo] J1620 - DS Max Senate,TOKEN_PAID,ASSIGNMENT,7f50d677-4f71-4fa8-9fa4-ce8715be5fae,Bank Legal Evaluation,2026-08-11 12:30:00+00,e897ff71-fcc8-4a10-ba07-9c02080a6a80,TODO
56df465e-36bd-4fbf-8dd0-f34d21dad4e2,[Jumbo] J1620 - DS Max Senate,TOKEN_PAID,ASSIGNMENT,cef186ee-6d7c-4548-a3de-d81592ea44b8,Bank Technical Evaluation,2026-08-13 12:30:00+00,e897ff71-fcc8-4a10-ba07-9c02080a6a80,TODO
56df465e-36bd-4fbf-8dd0-f34d21dad4e2,[Jumbo] J1620 - DS Max Senate,TOKEN_PAID,ASSIGNMENT,d919d28a-bc7c-47ca-9be8-8ab6961522cb,Bank to be selected,2026-07-18 12:30:00+00,5cd4520c-52d8-4c98-9cc0-232ae767192b,TODO
56df465e-36bd-4fbf-8dd0-f34d21dad4e2,[Jumbo] J1620 - DS Max Senate,TOKEN_PAID,ASSIGNMENT,6d56a2ab-6b54-43ff-b480-3875a3d0c0a4,Deal Term Sheet Drafting & Signing,2026-07-15 12:30:00+00,5cd4520c-52d8-4c98-9cc0-232ae767192b,TODO
56df465e-36bd-4fbf-8dd0-f34d21dad4e2,[Jumbo] J1620 - DS Max Senate,TOKEN_PAID,ASSIGNMENT,08b9c31d-6c1e-45d1-925b-52eb01ab3f98,Docket signing,2026-08-22 12:30:00+00,e897ff71-fcc8-4a10-ba07-9c02080a6a80,TODO
56df465e-36bd-4fbf-8dd0-f34d21dad4e2,[Jumbo] J1620 - DS Max Senate,TOKEN_PAID,ASSIGNMENT,e4c075c2-d2b2-4bb5-b3af-3f114d48c43d,Estamp Procurement,2026-07-30 12:30:00+00,e897ff71-fcc8-4a10-ba07-9c02080a6a80,TODO
56df465e-36bd-4fbf-8dd0-f34d21dad4e2,[Jumbo] J1620 - DS Max Senate,TOKEN_PAID,ASSIGNMENT,6eb170aa-e876-4257-b476-497dd0918ff7,Jumbo Fee Collection from the Seller,2026-07-31 12:30:00+00,5cd4520c-52d8-4c98-9cc0-232ae767192b,TODO
56df465e-36bd-4fbf-8dd0-f34d21dad4e2,[Jumbo] J1620 - DS Max Senate,TOKEN_PAID,ASSIGNMENT,de2a0071-5df0-4283-b9ab-008103c52826,Legal Due Diligence to be completed,2026-07-23 12:30:00+00,5cd4520c-52d8-4c98-9cc0-232ae767192b,TODO
56df465e-36bd-4fbf-8dd0-f34d21dad4e2,[Jumbo] J1620 - DS Max Senate,TOKEN_PAID,ASSIGNMENT,05b0c9b6-85e0-454a-92b2-4aca81f88072,Legal Due Diligence to be initiated,2026-07-16 12:30:00+00,5cd4520c-52d8-4c98-9cc0-232ae767192b,TODO
56df465e-36bd-4fbf-8dd0-f34d21dad4e2,[Jumbo] J1620 - DS Max Senate,TOKEN_PAID,ASSIGNMENT,b73ee326-50fd-4168-a16b-83815aaf6ebe,Loan Disbursement,2026-08-31 12:30:00+00,e897ff71-fcc8-4a10-ba07-9c02080a6a80,TODO
56df465e-36bd-4fbf-8dd0-f34d21dad4e2,[Jumbo] J1620 - DS Max Senate,TOKEN_PAID,ASSIGNMENT,65e07e14-af4f-4ccf-aa65-290ad4072249,MOU Draft to be confirmed with the builder,2026-07-25 12:30:00+00,8e1fdcfe-8db6-4e50-a7ab-d820f9b95c96,TODO
56df465e-36bd-4fbf-8dd0-f34d21dad4e2,[Jumbo] J1620 - DS Max Senate,TOKEN_PAID,ASSIGNMENT,82cee574-0c99-4fd0-b468-7723c557eeef,MOU draft to be shared on group,2026-07-24 12:30:00+00,8e1fdcfe-8db6-4e50-a7ab-d820f9b95c96,TODO
56df465e-36bd-4fbf-8dd0-f34d21dad4e2,[Jumbo] J1620 - DS Max Senate,TOKEN_PAID,ASSIGNMENT,ea19c2cd-b4a4-49a8-901d-4dd2754cd284,MOU Signing,2026-07-30 12:30:00+00,8e1fdcfe-8db6-4e50-a7ab-d820f9b95c96,TODO
56df465e-36bd-4fbf-8dd0-f34d21dad4e2,[Jumbo] J1620 - DS Max Senate,TOKEN_PAID,ASSIGNMENT,4255a742-50dc-429b-acea-c9a056ec0ded,Penny test to be completed,2026-07-28 12:30:00+00,5cd4520c-52d8-4c98-9cc0-232ae767192b,TODO
56df465e-36bd-4fbf-8dd0-f34d21dad4e2,[Jumbo] J1620 - DS Max Senate,TOKEN_PAID,ASSIGNMENT,78c39977-7f53-466b-98a6-cae6a81ebe6a,Safebuy Payment Collection,2026-07-15 12:30:00+00,5cd4520c-52d8-4c98-9cc0-232ae767192b,TODO
56df465e-36bd-4fbf-8dd0-f34d21dad4e2,[Jumbo] J1620 - DS Max Senate,TOKEN_PAID,ASSIGNMENT,e749a6f0-4de7-4fe2-93b2-2e49711062d5,Stamp duty + Estamp charges collection,2026-07-30 12:30:00+00,5cd4520c-52d8-4c98-9cc0-232ae767192b,TODO
56df465e-36bd-4fbf-8dd0-f34d21dad4e2,[Jumbo] J1620 - DS Max Senate,TOKEN_PAID,ASSIGNMENT,a1658a97-c50a-4048-b661-7d85f6e71e02,TDS Payment,2026-08-24 12:30:00+00,c744aa41-ef42-4d2c-81af-bda0d71aeeca,TODO
56df465e-36bd-4fbf-8dd0-f34d21dad4e2,[Jumbo] J1620 - DS Max Senate,TOKEN_PAID,ASSIGNMENT,bc6cde7e-f219-48b3-b063-a16d4fff23d1,Token Payment +Whatsapp Grp Creation,2026-07-14 12:30:00+00,c744aa41-ef42-4d2c-81af-bda0d71aeeca,TODO
56df465e-36bd-4fbf-8dd0-f34d21dad4e2,[Jumbo] J1620 - DS Max Senate,TOKEN_PAID,ASSIGNMENT,c43f753f-4899-4c00-afc4-fcd2bf85c068,Token Release,2026-07-24 12:30:00+00,5cd4520c-52d8-4c98-9cc0-232ae767192b,TODO
5ad78e96-5480-4be7-92bc-202d17da022c,J1599 - Godrej Splendour,TERM_SHEET_SIGNED,ASSIGNMENT,20dc6c0f-91c3-4e9e-9ff1-62c7ae03ae6a,Assignment Agrement Initiation with the builder,2026-07-30 12:30:00+00,8e1fdcfe-8db6-4e50-a7ab-d820f9b95c96,TODO
5ad78e96-5480-4be7-92bc-202d17da022c,J1599 - Godrej Splendour,TERM_SHEET_SIGNED,ASSIGNMENT,3afbd2ab-23f4-40fc-86f4-bb977c4c0d18,Assignment Agrement to be signed,2026-08-18 12:30:00+00,8e1fdcfe-8db6-4e50-a7ab-d820f9b95c96,TODO
5ad78e96-5480-4be7-92bc-202d17da022c,J1599 - Godrej Splendour,TERM_SHEET_SIGNED,ASSIGNMENT,ca65c7a8-c55d-496a-8fb3-22ed7c07fd30,Bank Legal Evaluation,2026-08-04 12:30:00+00,e897ff71-fcc8-4a10-ba07-9c02080a6a80,TODO
5ad78e96-5480-4be7-92bc-202d17da022c,J1599 - Godrej Splendour,TERM_SHEET_SIGNED,ASSIGNMENT,084b8e41-4f45-44c1-808f-2cb98e1b0889,Bank Technical Evaluation,2026-08-06 12:30:00+00,e897ff71-fcc8-4a10-ba07-9c02080a6a80,TODO
5ad78e96-5480-4be7-92bc-202d17da022c,J1599 - Godrej Splendour,TERM_SHEET_SIGNED,ASSIGNMENT,9d43fadb-3610-4d2d-b1e2-4684ba881c21,Bank to be selected,2026-07-11 12:30:00+00,5cd4520c-52d8-4c98-9cc0-232ae767192b,TODO
5ad78e96-5480-4be7-92bc-202d17da022c,J1599 - Godrej Splendour,TERM_SHEET_SIGNED,ASSIGNMENT,f0d35443-b95f-4791-b02f-f14276397030,Deal Term Sheet Drafting & Signing,2026-07-08 12:30:00+00,5cd4520c-52d8-4c98-9cc0-232ae767192b,TODO
5ad78e96-5480-4be7-92bc-202d17da022c,J1599 - Godrej Splendour,TERM_SHEET_SIGNED,ASSIGNMENT,292453ad-28f9-4d64-b6d9-909cc9fc0a30,Docket signing,2026-08-15 12:30:00+00,e897ff71-fcc8-4a10-ba07-9c02080a6a80,TODO
5ad78e96-5480-4be7-92bc-202d17da022c,J1599 - Godrej Splendour,TERM_SHEET_SIGNED,ASSIGNMENT,79f90e88-2ef1-4159-bf2f-d49f0178707f,Estamp Procurement,2026-07-23 12:30:00+00,e897ff71-fcc8-4a10-ba07-9c02080a6a80,TODO
5ad78e96-5480-4be7-92bc-202d17da022c,J1599 - Godrej Splendour,TERM_SHEET_SIGNED,ASSIGNMENT,021b9f34-35a9-4c07-9f5b-6b4195ec3fa6,Jumbo Fee Collection from the Seller,2026-07-24 12:30:00+00,5cd4520c-52d8-4c98-9cc0-232ae767192b,TODO
5ad78e96-5480-4be7-92bc-202d17da022c,J1599 - Godrej Splendour,TERM_SHEET_SIGNED,ASSIGNMENT,5d316f9c-d34c-4b4d-92c5-1c9316524c9a,Legal Due Diligence to be completed,2026-07-16 12:30:00+00,5cd4520c-52d8-4c98-9cc0-232ae767192b,TODO
5ad78e96-5480-4be7-92bc-202d17da022c,J1599 - Godrej Splendour,TERM_SHEET_SIGNED,ASSIGNMENT,7e3970a3-7d0c-467e-a0f7-5eb14b92401e,Legal Due Diligence to be initiated,2026-07-09 12:30:00+00,5cd4520c-52d8-4c98-9cc0-232ae767192b,
5ad78e96-5480-4be7-92bc-202d17da022c,J1599 - Godrej Splendour,TERM_SHEET_SIGNED,ASSIGNMENT,2910e248-0b2d-46eb-a15c-c7f0f3729340,Loan Disbursement,2026-08-24 12:30:00+00,e897ff71-fcc8-4a10-ba07-9c02080a6a80,TODO
5ad78e96-5480-4be7-92bc-202d17da022c,J1599 - Godrej Splendour,TERM_SHEET_SIGNED,ASSIGNMENT,b66b200f-aaf4-471a-a397-6b1576c4495a,MOU Draft to be confirmed with the builder,2026-07-18 12:30:00+00,8e1fdcfe-8db6-4e50-a7ab-d820f9b95c96,TODO
5ad78e96-5480-4be7-92bc-202d17da022c,J1599 - Godrej Splendour,TERM_SHEET_SIGNED,ASSIGNMENT,f39f8fd3-6b45-4691-95df-63fa040cc9a4,MOU draft to be shared on group,2026-07-17 12:30:00+00,8e1fdcfe-8db6-4e50-a7ab-d820f9b95c96,TODO
5ad78e96-5480-4be7-92bc-202d17da022c,J1599 - Godrej Splendour,TERM_SHEET_SIGNED,ASSIGNMENT,af1c8da0-bbd1-4d9e-8ab5-32bb9409db00,MOU Signing,2026-07-23 12:30:00+00,8e1fdcfe-8db6-4e50-a7ab-d820f9b95c96,TODO
5ad78e96-5480-4be7-92bc-202d17da022c,J1599 - Godrej Splendour,TERM_SHEET_SIGNED,ASSIGNMENT,53e54db2-8eb6-4cab-a397-2dbfaca40a12,Penny test to be completed,2026-07-21 12:30:00+00,5cd4520c-52d8-4c98-9cc0-232ae767192b,TODO
5ad78e96-5480-4be7-92bc-202d17da022c,J1599 - Godrej Splendour,TERM_SHEET_SIGNED,ASSIGNMENT,41b85c0f-cc7e-4f9e-9835-a04a7528df19,Safebuy Payment Collection,2026-07-08 12:30:00+00,5cd4520c-52d8-4c98-9cc0-232ae767192b,TODO
5ad78e96-5480-4be7-92bc-202d17da022c,J1599 - Godrej Splendour,TERM_SHEET_SIGNED,ASSIGNMENT,e5a8ff4c-efcc-49c8-b85a-ccb1eab14d60,Stamp duty + Estamp charges collection,2026-07-23 12:30:00+00,5cd4520c-52d8-4c98-9cc0-232ae767192b,TODO
5ad78e96-5480-4be7-92bc-202d17da022c,J1599 - Godrej Splendour,TERM_SHEET_SIGNED,ASSIGNMENT,e490420a-1e23-4f2f-a89d-638ce84409d6,TDS Payment,2026-08-17 12:30:00+00,c744aa41-ef42-4d2c-81af-bda0d71aeeca,TODO
5ad78e96-5480-4be7-92bc-202d17da022c,J1599 - Godrej Splendour,TERM_SHEET_SIGNED,ASSIGNMENT,b5ff6ce1-6f8a-464e-ad87-12c3d6cd027b,Token Payment +Whatsapp Grp Creation,2026-07-07 12:30:00+00,c744aa41-ef42-4d2c-81af-bda0d71aeeca,DONE
5ad78e96-5480-4be7-92bc-202d17da022c,J1599 - Godrej Splendour,TERM_SHEET_SIGNED,ASSIGNMENT,06ff668d-25cf-4411-b752-a53233ae8d25,Token Release,2026-07-17 12:30:00+00,5cd4520c-52d8-4c98-9cc0-232ae767192b,TODO
5b8ac8fb-ca25-4776-b630-8513fff21b94,[Jumbo] J1946 Godrej Ananda,TOKEN_PAID,ASSIGNMENT,4a5198d9-a19c-41b3-b2f9-58408040a0cd,Assignment Agrement Initiation with the builder,2026-08-04 12:30:00+00,8e1fdcfe-8db6-4e50-a7ab-d820f9b95c96,TODO
5b8ac8fb-ca25-4776-b630-8513fff21b94,[Jumbo] J1946 Godrej Ananda,TOKEN_PAID,ASSIGNMENT,99659d2c-d0bc-4946-9163-0545c413037c,Assignment Agrement to be signed,2026-08-22 12:30:00+00,8e1fdcfe-8db6-4e50-a7ab-d820f9b95c96,TODO
5b8ac8fb-ca25-4776-b630-8513fff21b94,[Jumbo] J1946 Godrej Ananda,TOKEN_PAID,ASSIGNMENT,c40cc95c-a491-48be-b89a-64dc32997150,Bank Legal Evaluation,2026-08-08 12:30:00+00,e897ff71-fcc8-4a10-ba07-9c02080a6a80,TODO
5b8ac8fb-ca25-4776-b630-8513fff21b94,[Jumbo] J1946 Godrej Ananda,TOKEN_PAID,ASSIGNMENT,1f103ad8-ba0b-473a-9f13-6684ed9603f2,Bank Technical Evaluation,2026-08-11 12:30:00+00,e897ff71-fcc8-4a10-ba07-9c02080a6a80,TODO
5b8ac8fb-ca25-4776-b630-8513fff21b94,[Jumbo] J1946 Godrej Ananda,TOKEN_PAID,ASSIGNMENT,12ac3965-4578-4a44-bbe7-47ee2f8abc67,Bank to be selected,2026-07-16 12:30:00+00,5cd4520c-52d8-4c98-9cc0-232ae767192b,TODO
5b8ac8fb-ca25-4776-b630-8513fff21b94,[Jumbo] J1946 Godrej Ananda,TOKEN_PAID,ASSIGNMENT,f3d67282-c2f3-4493-8918-853248a6226c,Deal Term Sheet Drafting & Signing,2026-07-13 12:30:00+00,5cd4520c-52d8-4c98-9cc0-232ae767192b,TODO
5b8ac8fb-ca25-4776-b630-8513fff21b94,[Jumbo] J1946 Godrej Ananda,TOKEN_PAID,ASSIGNMENT,1dc5b5cd-5abc-48ab-a15d-9c19c4741275,Docket signing,2026-08-20 12:30:00+00,e897ff71-fcc8-4a10-ba07-9c02080a6a80,TODO
5b8ac8fb-ca25-4776-b630-8513fff21b94,[Jumbo] J1946 Godrej Ananda,TOKEN_PAID,ASSIGNMENT,03fc74d8-0e91-44b0-9487-f5656457e8cc,Estamp Procurement,2026-07-28 12:30:00+00,e897ff71-fcc8-4a10-ba07-9c02080a6a80,TODO
5b8ac8fb-ca25-4776-b630-8513fff21b94,[Jumbo] J1946 Godrej Ananda,TOKEN_PAID,ASSIGNMENT,1f9f6e51-99b0-4fa4-89ec-b3f153a63325,Jumbo Fee Collection from the Seller,2026-07-29 12:30:00+00,5cd4520c-52d8-4c98-9cc0-232ae767192b,TODO
5b8ac8fb-ca25-4776-b630-8513fff21b94,[Jumbo] J1946 Godrej Ananda,TOKEN_PAID,ASSIGNMENT,b7652505-a1a5-4a44-97cc-aebae713e556,Legal Due Diligence to be completed,2026-07-21 12:30:00+00,5cd4520c-52d8-4c98-9cc0-232ae767192b,TODO
5b8ac8fb-ca25-4776-b630-8513fff21b94,[Jumbo] J1946 Godrej Ananda,TOKEN_PAID,ASSIGNMENT,8eb7be4a-e0f3-4127-ab99-fcb1359d5272,Legal Due Diligence to be initiated,2026-07-14 12:30:00+00,5cd4520c-52d8-4c98-9cc0-232ae767192b,TODO
5b8ac8fb-ca25-4776-b630-8513fff21b94,[Jumbo] J1946 Godrej Ananda,TOKEN_PAID,ASSIGNMENT,7c7543e0-b77b-4bfd-9d89-669ac76281f4,Loan Disbursement,2026-08-28 12:30:00+00,e897ff71-fcc8-4a10-ba07-9c02080a6a80,TODO
5b8ac8fb-ca25-4776-b630-8513fff21b94,[Jumbo] J1946 Godrej Ananda,TOKEN_PAID,ASSIGNMENT,3c7af5ef-c379-4a12-8a2b-b4f4d1afec53,MOU Draft to be confirmed with the builder,2026-07-23 12:30:00+00,8e1fdcfe-8db6-4e50-a7ab-d820f9b95c96,TODO
5b8ac8fb-ca25-4776-b630-8513fff21b94,[Jumbo] J1946 Godrej Ananda,TOKEN_PAID,ASSIGNMENT,8aa4660a-69f9-44da-b946-0d5e222c6230,MOU draft to be shared on group,2026-07-22 12:30:00+00,8e1fdcfe-8db6-4e50-a7ab-d820f9b95c96,TODO
5b8ac8fb-ca25-4776-b630-8513fff21b94,[Jumbo] J1946 Godrej Ananda,TOKEN_PAID,ASSIGNMENT,4595b4a7-ffce-4c29-a6b7-da6f57a5a701,MOU Signing,2026-07-28 12:30:00+00,8e1fdcfe-8db6-4e50-a7ab-d820f9b95c96,TODO
5b8ac8fb-ca25-4776-b630-8513fff21b94,[Jumbo] J1946 Godrej Ananda,TOKEN_PAID,ASSIGNMENT,800c7b15-3345-407e-b439-ed6ad3894dfd,Penny test to be completed,2026-07-25 12:30:00+00,5cd4520c-52d8-4c98-9cc0-232ae767192b,TODO
5b8ac8fb-ca25-4776-b630-8513fff21b94,[Jumbo] J1946 Godrej Ananda,TOKEN_PAID,ASSIGNMENT,9717af86-5301-4e72-8391-ff66835ce62b,Safebuy Payment Collection,2026-07-13 12:30:00+00,5cd4520c-52d8-4c98-9cc0-232ae767192b,TODO
5b8ac8fb-ca25-4776-b630-8513fff21b94,[Jumbo] J1946 Godrej Ananda,TOKEN_PAID,ASSIGNMENT,434a3303-7553-4f8e-89ba-64f72b6bf248,Stamp duty + Estamp charges collection,2026-07-28 12:30:00+00,5cd4520c-52d8-4c98-9cc0-232ae767192b,TODO
5b8ac8fb-ca25-4776-b630-8513fff21b94,[Jumbo] J1946 Godrej Ananda,TOKEN_PAID,ASSIGNMENT,a94b97af-0bd4-4018-b213-233a79749124,TDS Payment,2026-08-21 12:30:00+00,c744aa41-ef42-4d2c-81af-bda0d71aeeca,TODO
5b8ac8fb-ca25-4776-b630-8513fff21b94,[Jumbo] J1946 Godrej Ananda,TOKEN_PAID,ASSIGNMENT,13027377-9d50-49a8-992c-5856283f1345,Token Payment +Whatsapp Grp Creation,2026-07-12 12:30:00+00,c744aa41-ef42-4d2c-81af-bda0d71aeeca,DONE
5b8ac8fb-ca25-4776-b630-8513fff21b94,[Jumbo] J1946 Godrej Ananda,TOKEN_PAID,ASSIGNMENT,62881352-b454-4060-a563-be91ad9e2c15,Token Release,2026-07-22 12:30:00+00,5cd4520c-52d8-4c98-9cc0-232ae767192b,TODO
63d1f0be-f98a-495f-ae8b-e2a3e8ee232d,J2050 SNN Raj Serenity,TERM_SHEET_SIGNED,RESALE,19d1af8d-e56d-4a28-a2f5-5dfe8a339d15,AFS Drafting,2026-06-24 11:35:00+00,8e1fdcfe-8db6-4e50-a7ab-d820f9b95c96,IN_PROGRESS
63d1f0be-f98a-495f-ae8b-e2a3e8ee232d,J2050 SNN Raj Serenity,TERM_SHEET_SIGNED,RESALE,8ad6588e-cde2-4a3f-a890-803f8ff123e3,AFS Draft to be shared,2026-06-29 12:30:00+00,8e1fdcfe-8db6-4e50-a7ab-d820f9b95c96,TODO
63d1f0be-f98a-495f-ae8b-e2a3e8ee232d,J2050 SNN Raj Serenity,TERM_SHEET_SIGNED,RESALE,4246361f-78bc-4357-9ce0-7bd9a7e74bf3,AFS Signing,2026-07-04 12:30:00+00,8e1fdcfe-8db6-4e50-a7ab-d820f9b95c96,TODO
63d1f0be-f98a-495f-ae8b-e2a3e8ee232d,J2050 SNN Raj Serenity,TERM_SHEET_SIGNED,RESALE,e2eb4b0f-3932-491b-a7d5-4164e5a47f1f,Bank Legal Evaluation,2026-07-11 12:30:00+00,e897ff71-fcc8-4a10-ba07-9c02080a6a80,TODO
63d1f0be-f98a-495f-ae8b-e2a3e8ee232d,J2050 SNN Raj Serenity,TERM_SHEET_SIGNED,RESALE,bb4a8bca-fcc1-4381-b02c-e5699e996f70,Bank Technical Evaluation,2026-07-16 12:30:00+00,e897ff71-fcc8-4a10-ba07-9c02080a6a80,TODO
63d1f0be-f98a-495f-ae8b-e2a3e8ee232d,J2050 SNN Raj Serenity,TERM_SHEET_SIGNED,RESALE,29ab88b1-320d-49d2-9821-21601ecdcf97,Bank to be selected,2026-06-23 12:30:00+00,5cd4520c-52d8-4c98-9cc0-232ae767192b,TODO
63d1f0be-f98a-495f-ae8b-e2a3e8ee232d,J2050 SNN Raj Serenity,TERM_SHEET_SIGNED,RESALE,35491e0d-09e2-49a6-bef9-c7e09f65a53b,BESCOM,2026-09-07 12:30:00+00,e897ff71-fcc8-4a10-ba07-9c02080a6a80,TODO
63d1f0be-f98a-495f-ae8b-e2a3e8ee232d,J2050 SNN Raj Serenity,TERM_SHEET_SIGNED,RESALE,08a741b5-6c81-4d31-bc7c-b8a543b1cc8c,Deal Term sheet Drafting ,2026-06-22 07:45:00+00,e3fe351e-394d-43fb-af09-6a642b40407c,DONE
63d1f0be-f98a-495f-ae8b-e2a3e8ee232d,J2050 SNN Raj Serenity,TERM_SHEET_SIGNED,RESALE,e8ff40a0-b566-4868-bcad-dc9d46c2b48c,Deal Term Sheet Drafting & Signing,2026-06-19 12:30:00+00,5cd4520c-52d8-4c98-9cc0-232ae767192b,TODO
63d1f0be-f98a-495f-ae8b-e2a3e8ee232d,J2050 SNN Raj Serenity,TERM_SHEET_SIGNED,RESALE,a1fd30f8-8a73-4016-a371-671f970e88e4,Deal Term sheet signing,2026-06-25 07:06:00+00,e3fe351e-394d-43fb-af09-6a642b40407c,DONE
63d1f0be-f98a-495f-ae8b-e2a3e8ee232d,J2050 SNN Raj Serenity,TERM_SHEET_SIGNED,RESALE,7fad51d6-a5c5-4471-abee-2970aa9e66eb,Docket signing,2026-07-28 12:30:00+00,e897ff71-fcc8-4a10-ba07-9c02080a6a80,TODO
63d1f0be-f98a-495f-ae8b-e2a3e8ee232d,J2050 SNN Raj Serenity,TERM_SHEET_SIGNED,RESALE,0ae54e0c-f431-4ece-91ad-b5739cb7b81d,E Khata to be checked,2026-06-22 11:38:00+00,e897ff71-fcc8-4a10-ba07-9c02080a6a80,DONE
63d1f0be-f98a-495f-ae8b-e2a3e8ee232d,J2050 SNN Raj Serenity,TERM_SHEET_SIGNED,RESALE,1b327135-7b03-4b67-be87-05058d439724,E- khata to be checked if its open,2026-06-19 12:30:00+00,e897ff71-fcc8-4a10-ba07-9c02080a6a80,TODO
63d1f0be-f98a-495f-ae8b-e2a3e8ee232d,J2050 SNN Raj Serenity,TERM_SHEET_SIGNED,RESALE,6f0f2172-84c2-488d-a11d-9b1fa4205e91,E Khata Transfer,2026-08-20 12:30:00+00,e897ff71-fcc8-4a10-ba07-9c02080a6a80,TODO
63d1f0be-f98a-495f-ae8b-e2a3e8ee232d,J2050 SNN Raj Serenity,TERM_SHEET_SIGNED,RESALE,50f62042-2b03-409a-b276-455ac2195d16,Estamp Procurement,2026-07-02 12:30:00+00,e897ff71-fcc8-4a10-ba07-9c02080a6a80,TODO
63d1f0be-f98a-495f-ae8b-e2a3e8ee232d,J2050 SNN Raj Serenity,TERM_SHEET_SIGNED,RESALE,a06c0bc7-3c00-47c9-9d17-9c052547678d,Jumbo Fee Collection from the Seller,2026-07-04 12:30:00+00,5cd4520c-52d8-4c98-9cc0-232ae767192b,TODO
63d1f0be-f98a-495f-ae8b-e2a3e8ee232d,J2050 SNN Raj Serenity,TERM_SHEET_SIGNED,RESALE,33e13e49-b687-4747-92b0-f79d02d81a28,Legal Due Diligence,2026-06-28 11:37:00+00,e3fe351e-394d-43fb-af09-6a642b40407c,DONE
63d1f0be-f98a-495f-ae8b-e2a3e8ee232d,J2050 SNN Raj Serenity,TERM_SHEET_SIGNED,RESALE,0070263b-7cff-47a9-93bb-d21ebf24924e,Legal Due Diligence to be completed,2026-06-27 12:30:00+00,5cd4520c-52d8-4c98-9cc0-232ae767192b,TODO
63d1f0be-f98a-495f-ae8b-e2a3e8ee232d,J2050 SNN Raj Serenity,TERM_SHEET_SIGNED,RESALE,30740479-35eb-4ead-8223-75f09e6a0e79,Legal Due Diligence to be initiated,2026-06-20 12:30:00+00,5cd4520c-52d8-4c98-9cc0-232ae767192b,TODO
63d1f0be-f98a-495f-ae8b-e2a3e8ee232d,J2050 SNN Raj Serenity,TERM_SHEET_SIGNED,RESALE,7d5e0855-c30b-4ad8-81fe-cb8e4c5a48bd,ODV,2026-07-22 12:30:00+00,e897ff71-fcc8-4a10-ba07-9c02080a6a80,TODO
63d1f0be-f98a-495f-ae8b-e2a3e8ee232d,J2050 SNN Raj Serenity,TERM_SHEET_SIGNED,RESALE,e6ca48a7-a2d7-4e60-af3f-8eba712eacfe,Penny Test,2026-06-29 11:37:00+00,e3fe351e-394d-43fb-af09-6a642b40407c,TODO
63d1f0be-f98a-495f-ae8b-e2a3e8ee232d,J2050 SNN Raj Serenity,TERM_SHEET_SIGNED,RESALE,5e444121-6828-49b3-92b0-ff4d1b659973,Penny test to be completed,2026-06-30 12:30:00+00,5cd4520c-52d8-4c98-9cc0-232ae767192b,TODO
63d1f0be-f98a-495f-ae8b-e2a3e8ee232d,J2050 SNN Raj Serenity,TERM_SHEET_SIGNED,RESALE,f5cdcf10-8690-4fdc-97f9-e8603bf38d23,Property Tax Name Change,2026-08-21 12:30:00+00,e897ff71-fcc8-4a10-ba07-9c02080a6a80,TODO
63d1f0be-f98a-495f-ae8b-e2a3e8ee232d,J2050 SNN Raj Serenity,TERM_SHEET_SIGNED,RESALE,84dbe111-97ff-4d2a-b35c-d3706a2c6390,Safebuy Payment Collection,2026-06-19 12:30:00+00,5cd4520c-52d8-4c98-9cc0-232ae767192b,TODO
63d1f0be-f98a-495f-ae8b-e2a3e8ee232d,J2050 SNN Raj Serenity,TERM_SHEET_SIGNED,RESALE,278c9db4-98b3-4a53-8c6f-4b286b983fed,Sale Deed Drafting,2026-06-25 11:37:00+00,8e1fdcfe-8db6-4e50-a7ab-d820f9b95c96,IN_PROGRESS
63d1f0be-f98a-495f-ae8b-e2a3e8ee232d,J2050 SNN Raj Serenity,TERM_SHEET_SIGNED,RESALE,5ddd2892-7a39-486e-bb76-a2a0adc261e4,Sale deed Registration,2026-08-03 12:30:00+00,e897ff71-fcc8-4a10-ba07-9c02080a6a80,TODO
63d1f0be-f98a-495f-ae8b-e2a3e8ee232d,J2050 SNN Raj Serenity,TERM_SHEET_SIGNED,RESALE,5aa9539e-ca7a-4fcc-a078-2d70eac8819b,Sale deed to be shared on group,2026-07-06 12:30:00+00,8e1fdcfe-8db6-4e50-a7ab-d820f9b95c96,TODO
63d1f0be-f98a-495f-ae8b-e2a3e8ee232d,J2050 SNN Raj Serenity,TERM_SHEET_SIGNED,RESALE,35901657-4b98-4119-9025-99485c2a44b8,SRO Slot booking,2026-07-30 12:30:00+00,e897ff71-fcc8-4a10-ba07-9c02080a6a80,TODO
63d1f0be-f98a-495f-ae8b-e2a3e8ee232d,J2050 SNN Raj Serenity,TERM_SHEET_SIGNED,RESALE,d5966688-3032-4399-b80a-7205fbf2eef8,Stamp duty + Estamp charges collection,2026-07-02 12:30:00+00,5cd4520c-52d8-4c98-9cc0-232ae767192b,TODO
63d1f0be-f98a-495f-ae8b-e2a3e8ee232d,J2050 SNN Raj Serenity,TERM_SHEET_SIGNED,RESALE,f2dd1f53-b9b2-4e0e-b70a-d67970cefe51,TDS Payment,2026-07-29 12:30:00+00,c744aa41-ef42-4d2c-81af-bda0d71aeeca,TODO
63d1f0be-f98a-495f-ae8b-e2a3e8ee232d,J2050 SNN Raj Serenity,TERM_SHEET_SIGNED,RESALE,b737dd82-4473-4907-80ea-75915787934b,Token Payment +Whatsapp Grp Creation,2026-06-18 12:30:00+00,c744aa41-ef42-4d2c-81af-bda0d71aeeca,DONE
63d1f0be-f98a-495f-ae8b-e2a3e8ee232d,J2050 SNN Raj Serenity,TERM_SHEET_SIGNED,RESALE,5b5308ad-103d-4b01-9b43-728de6515486,Token Release,2026-06-29 12:30:00+00,5cd4520c-52d8-4c98-9cc0-232ae767192b,DONE
67083cdc-4e58-472f-b726-d0a741cce631,[Jumbo] J-746 Prestige Park Grove,TOKEN_PAID,ASSIGNMENT,3caae490-3a99-43b1-9f3c-4e0f667ce808,Assignment Agrement Initiation with the builder,2026-08-01 12:30:00+00,8e1fdcfe-8db6-4e50-a7ab-d820f9b95c96,TODO
67083cdc-4e58-472f-b726-d0a741cce631,[Jumbo] J-746 Prestige Park Grove,TOKEN_PAID,ASSIGNMENT,3e9cba11-8632-4d74-ad43-cb9b59e10137,Assignment Agrement to be signed,2026-08-20 12:30:00+00,8e1fdcfe-8db6-4e50-a7ab-d820f9b95c96,TODO
67083cdc-4e58-472f-b726-d0a741cce631,[Jumbo] J-746 Prestige Park Grove,TOKEN_PAID,ASSIGNMENT,1bc10226-c015-4cd4-8b13-d5883675925f,Bank Legal Evaluation,2026-08-06 12:30:00+00,e897ff71-fcc8-4a10-ba07-9c02080a6a80,TODO
67083cdc-4e58-472f-b726-d0a741cce631,[Jumbo] J-746 Prestige Park Grove,TOKEN_PAID,ASSIGNMENT,f0794228-52d1-4e96-a6f4-f9741b1af6a1,Bank Technical Evaluation,2026-08-08 12:30:00+00,e897ff71-fcc8-4a10-ba07-9c02080a6a80,TODO
67083cdc-4e58-472f-b726-d0a741cce631,[Jumbo] J-746 Prestige Park Grove,TOKEN_PAID,ASSIGNMENT,4fe61b3a-2676-4ece-b633-c1ad9bb38b9d,Bank to be selected,2026-07-14 12:30:00+00,5cd4520c-52d8-4c98-9cc0-232ae767192b,TODO
67083cdc-4e58-472f-b726-d0a741cce631,[Jumbo] J-746 Prestige Park Grove,TOKEN_PAID,ASSIGNMENT,65cfaec9-cf0e-43f1-8dfb-e62e68582f7f,Deal Term Sheet Drafting & Signing,2026-07-10 12:30:00+00,5cd4520c-52d8-4c98-9cc0-232ae767192b,TODO
67083cdc-4e58-472f-b726-d0a741cce631,[Jumbo] J-746 Prestige Park Grove,TOKEN_PAID,ASSIGNMENT,b2edbf8a-308a-4596-84de-682010521856,Docket signing,2026-08-18 12:30:00+00,e897ff71-fcc8-4a10-ba07-9c02080a6a80,TODO
67083cdc-4e58-472f-b726-d0a741cce631,[Jumbo] J-746 Prestige Park Grove,TOKEN_PAID,ASSIGNMENT,2efeec92-9334-45d9-9728-9c1d20230c29,Estamp Procurement,2026-07-25 12:30:00+00,e897ff71-fcc8-4a10-ba07-9c02080a6a80,TODO
67083cdc-4e58-472f-b726-d0a741cce631,[Jumbo] J-746 Prestige Park Grove,TOKEN_PAID,ASSIGNMENT,bcd437d4-3a88-4b4a-95ed-3ae8cf164424,Jumbo Fee Collection from the Seller,2026-07-27 12:30:00+00,5cd4520c-52d8-4c98-9cc0-232ae767192b,TODO
67083cdc-4e58-472f-b726-d0a741cce631,[Jumbo] J-746 Prestige Park Grove,TOKEN_PAID,ASSIGNMENT,43b9e509-f0e6-4b4e-92a7-bdfaef3428a7,Legal Due Diligence to be completed,2026-07-18 12:30:00+00,5cd4520c-52d8-4c98-9cc0-232ae767192b,TODO
67083cdc-4e58-472f-b726-d0a741cce631,[Jumbo] J-746 Prestige Park Grove,TOKEN_PAID,ASSIGNMENT,28a94041-d84d-4076-bdc4-8dab8d98c348,Legal Due Diligence to be initiated,2026-07-11 12:30:00+00,5cd4520c-52d8-4c98-9cc0-232ae767192b,TODO
67083cdc-4e58-472f-b726-d0a741cce631,[Jumbo] J-746 Prestige Park Grove,TOKEN_PAID,ASSIGNMENT,4515405a-b541-44e4-be33-d2fcb5a49783,Loan Disbursement,2026-08-26 12:30:00+00,e897ff71-fcc8-4a10-ba07-9c02080a6a80,TODO
67083cdc-4e58-472f-b726-d0a741cce631,[Jumbo] J-746 Prestige Park Grove,TOKEN_PAID,ASSIGNMENT,4b31d153-99b7-49cd-b3ac-cf24195c5a1c,MOU Draft to be confirmed with the builder,2026-07-21 12:30:00+00,8e1fdcfe-8db6-4e50-a7ab-d820f9b95c96,TODO
67083cdc-4e58-472f-b726-d0a741cce631,[Jumbo] J-746 Prestige Park Grove,TOKEN_PAID,ASSIGNMENT,f8c4ed73-27e1-439b-a5d6-da5020114538,MOU draft to be shared on group,2026-07-20 12:30:00+00,8e1fdcfe-8db6-4e50-a7ab-d820f9b95c96,TODO
67083cdc-4e58-472f-b726-d0a741cce631,[Jumbo] J-746 Prestige Park Grove,TOKEN_PAID,ASSIGNMENT,3448bf43-d644-4b0d-a68d-068fd4ba2c6e,MOU Signing,2026-07-25 12:30:00+00,8e1fdcfe-8db6-4e50-a7ab-d820f9b95c96,TODO
67083cdc-4e58-472f-b726-d0a741cce631,[Jumbo] J-746 Prestige Park Grove,TOKEN_PAID,ASSIGNMENT,cddc1c20-bfb1-43fb-a55e-64bbf1537cd1,Penny test to be completed,2026-07-23 12:30:00+00,5cd4520c-52d8-4c98-9cc0-232ae767192b,TODO
67083cdc-4e58-472f-b726-d0a741cce631,[Jumbo] J-746 Prestige Park Grove,TOKEN_PAID,ASSIGNMENT,c571f077-800f-4b4a-a674-e825b2e97314,Safebuy Payment Collection,2026-07-10 12:30:00+00,5cd4520c-52d8-4c98-9cc0-232ae767192b,TODO
67083cdc-4e58-472f-b726-d0a741cce631,[Jumbo] J-746 Prestige Park Grove,TOKEN_PAID,ASSIGNMENT,0e9cc66a-29e8-4670-947b-3a88012538d3,Stamp duty + Estamp charges collection,2026-07-25 12:30:00+00,5cd4520c-52d8-4c98-9cc0-232ae767192b,TODO
67083cdc-4e58-472f-b726-d0a741cce631,[Jumbo] J-746 Prestige Park Grove,TOKEN_PAID,ASSIGNMENT,917980a8-deea-40f4-9db7-b4ca424d6188,TDS Payment,2026-08-19 12:30:00+00,c744aa41-ef42-4d2c-81af-bda0d71aeeca,TODO
67083cdc-4e58-472f-b726-d0a741cce631,[Jumbo] J-746 Prestige Park Grove,TOKEN_PAID,ASSIGNMENT,6b82f1c3-b3e7-488b-9db2-bc686f94293f,Token Payment +Whatsapp Grp Creation,2026-07-09 12:30:00+00,c744aa41-ef42-4d2c-81af-bda0d71aeeca,DONE
67083cdc-4e58-472f-b726-d0a741cce631,[Jumbo] J-746 Prestige Park Grove,TOKEN_PAID,ASSIGNMENT,b0dcc043-6689-49c2-a125-13ef2046d7d7,Token Release,2026-07-20 12:30:00+00,5cd4520c-52d8-4c98-9cc0-232ae767192b,TODO
6ac4510a-02e8-43bd-a513-ac8fa1099e1b,[Jumbo] - J1940 Prestige Finsbury,TOKEN_PAID,ASSIGNMENT,fd0080b2-c577-4f21-97df-81a3d1656272,Assignment Agrement Initiation with the builder,2026-07-28 12:30:00+00,8e1fdcfe-8db6-4e50-a7ab-d820f9b95c96,TODO
6ac4510a-02e8-43bd-a513-ac8fa1099e1b,[Jumbo] - J1940 Prestige Finsbury,TOKEN_PAID,ASSIGNMENT,f789183f-1b7e-43d6-8e81-07222d4ac54e,Assignment Agrement to be signed,2026-08-15 12:30:00+00,8e1fdcfe-8db6-4e50-a7ab-d820f9b95c96,TODO
6ac4510a-02e8-43bd-a513-ac8fa1099e1b,[Jumbo] - J1940 Prestige Finsbury,TOKEN_PAID,ASSIGNMENT,53f03527-9f1c-455b-9571-ed3dea2d3364,Bank Legal Evaluation,2026-08-01 12:30:00+00,e897ff71-fcc8-4a10-ba07-9c02080a6a80,TODO
6ac4510a-02e8-43bd-a513-ac8fa1099e1b,[Jumbo] - J1940 Prestige Finsbury,TOKEN_PAID,ASSIGNMENT,ec111a95-83b2-47e7-a8a5-badf68108bf2,Bank Technical Evaluation,2026-08-04 12:30:00+00,e897ff71-fcc8-4a10-ba07-9c02080a6a80,TODO
6ac4510a-02e8-43bd-a513-ac8fa1099e1b,[Jumbo] - J1940 Prestige Finsbury,TOKEN_PAID,ASSIGNMENT,495ab595-8df6-4d1d-80ab-46003ff83152,Bank to be selected,2026-07-09 12:30:00+00,5cd4520c-52d8-4c98-9cc0-232ae767192b,TODO
6ac4510a-02e8-43bd-a513-ac8fa1099e1b,[Jumbo] - J1940 Prestige Finsbury,TOKEN_PAID,ASSIGNMENT,6c7882a8-08a8-4f9c-9812-d3381234c6aa,Deal Term Sheet Drafting & Signing,2026-07-06 12:30:00+00,5cd4520c-52d8-4c98-9cc0-232ae767192b,TODO
6ac4510a-02e8-43bd-a513-ac8fa1099e1b,[Jumbo] - J1940 Prestige Finsbury,TOKEN_PAID,ASSIGNMENT,d1dcfb16-60b2-4dc9-a36a-78674f98a22f,Docket signing,2026-08-13 12:30:00+00,e897ff71-fcc8-4a10-ba07-9c02080a6a80,TODO
6ac4510a-02e8-43bd-a513-ac8fa1099e1b,[Jumbo] - J1940 Prestige Finsbury,TOKEN_PAID,ASSIGNMENT,e2007f85-bec5-4881-9792-7a7479540e99,Estamp Procurement,2026-07-21 12:30:00+00,e897ff71-fcc8-4a10-ba07-9c02080a6a80,TODO
6ac4510a-02e8-43bd-a513-ac8fa1099e1b,[Jumbo] - J1940 Prestige Finsbury,TOKEN_PAID,ASSIGNMENT,d8ffcee8-3d3b-4419-9f23-35c4ff08b800,Jumbo Fee Collection from the Seller,2026-07-22 12:30:00+00,5cd4520c-52d8-4c98-9cc0-232ae767192b,TODO
6ac4510a-02e8-43bd-a513-ac8fa1099e1b,[Jumbo] - J1940 Prestige Finsbury,TOKEN_PAID,ASSIGNMENT,afa4af8b-7085-43b8-8efb-c5c3fc2485dd,Legal Due Diligence to be completed,2026-07-14 12:30:00+00,5cd4520c-52d8-4c98-9cc0-232ae767192b,TODO
6ac4510a-02e8-43bd-a513-ac8fa1099e1b,[Jumbo] - J1940 Prestige Finsbury,TOKEN_PAID,ASSIGNMENT,947b4cb7-72c8-4ea4-866d-0534a2a1dd60,Legal Due Diligence to be initiated,2026-07-07 12:30:00+00,5cd4520c-52d8-4c98-9cc0-232ae767192b,TODO
6ac4510a-02e8-43bd-a513-ac8fa1099e1b,[Jumbo] - J1940 Prestige Finsbury,TOKEN_PAID,ASSIGNMENT,71ed440e-e2a6-4035-ac8f-808976607ce9,Loan Disbursement,2026-08-21 12:30:00+00,e897ff71-fcc8-4a10-ba07-9c02080a6a80,TODO
6ac4510a-02e8-43bd-a513-ac8fa1099e1b,[Jumbo] - J1940 Prestige Finsbury,TOKEN_PAID,ASSIGNMENT,60f60696-7b70-4a52-8d7e-5f7f1b4f28fc,MOU Draft to be confirmed with the builder,2026-07-16 12:30:00+00,8e1fdcfe-8db6-4e50-a7ab-d820f9b95c96,TODO
6ac4510a-02e8-43bd-a513-ac8fa1099e1b,[Jumbo] - J1940 Prestige Finsbury,TOKEN_PAID,ASSIGNMENT,7ee62d59-5d27-4a2c-9e61-ec940ac402f9,MOU draft to be shared on group,2026-07-15 12:30:00+00,8e1fdcfe-8db6-4e50-a7ab-d820f9b95c96,TODO
6ac4510a-02e8-43bd-a513-ac8fa1099e1b,[Jumbo] - J1940 Prestige Finsbury,TOKEN_PAID,ASSIGNMENT,85e81d93-a5a7-482a-93d0-3a3ec9dc8ea5,MOU Signing,2026-07-21 12:30:00+00,8e1fdcfe-8db6-4e50-a7ab-d820f9b95c96,TODO
6ac4510a-02e8-43bd-a513-ac8fa1099e1b,[Jumbo] - J1940 Prestige Finsbury,TOKEN_PAID,ASSIGNMENT,111f6e9c-a62d-432a-bf86-f8045b79f5ad,Penny test to be completed,2026-07-18 12:30:00+00,5cd4520c-52d8-4c98-9cc0-232ae767192b,TODO
6ac4510a-02e8-43bd-a513-ac8fa1099e1b,[Jumbo] - J1940 Prestige Finsbury,TOKEN_PAID,ASSIGNMENT,9b8b0e5a-c74e-433a-9cb0-096490e03aca,Safebuy Payment Collection,2026-07-06 12:30:00+00,5cd4520c-52d8-4c98-9cc0-232ae767192b,TODO
6ac4510a-02e8-43bd-a513-ac8fa1099e1b,[Jumbo] - J1940 Prestige Finsbury,TOKEN_PAID,ASSIGNMENT,6cf46eb6-1b0b-43ea-89b7-9ccefc6b0fd6,Stamp duty + Estamp charges collection,2026-07-21 12:30:00+00,5cd4520c-52d8-4c98-9cc0-232ae767192b,TODO
6ac4510a-02e8-43bd-a513-ac8fa1099e1b,[Jumbo] - J1940 Prestige Finsbury,TOKEN_PAID,ASSIGNMENT,f476b2f3-cb6d-44bf-aba3-ae76b75dec1d,TDS Payment,2026-08-14 12:30:00+00,c744aa41-ef42-4d2c-81af-bda0d71aeeca,TODO
6ac4510a-02e8-43bd-a513-ac8fa1099e1b,[Jumbo] - J1940 Prestige Finsbury,TOKEN_PAID,ASSIGNMENT,df46d2b4-e981-403e-bb4e-049f12d8539d,Token Payment +Whatsapp Grp Creation,2026-07-05 12:30:00+00,c744aa41-ef42-4d2c-81af-bda0d71aeeca,DONE
6ac4510a-02e8-43bd-a513-ac8fa1099e1b,[Jumbo] - J1940 Prestige Finsbury,TOKEN_PAID,ASSIGNMENT,4ba06e04-e7c7-4474-bde7-2a90dfd54fdb,Token Release,2026-07-15 12:30:00+00,5cd4520c-52d8-4c98-9cc0-232ae767192b,TODO
70b74e1f-a5eb-43fb-ba99-5775af26fb3a,J1857 - Godrej Splendour,AFS_MOU_SIGNED,ASSIGNMENT,734b3e44-9389-4e87-ad32-3a809338eb04,Assignment Agrement Initiation with the builder,2026-06-22 12:30:00+00,8e1fdcfe-8db6-4e50-a7ab-d820f9b95c96,TODO
70b74e1f-a5eb-43fb-ba99-5775af26fb3a,J1857 - Godrej Splendour,AFS_MOU_SIGNED,ASSIGNMENT,9b498818-a1e4-43cd-8b56-556d9c1b0b82,Assignment Agrement to be signed,2026-07-10 12:30:00+00,8e1fdcfe-8db6-4e50-a7ab-d820f9b95c96,TODO
70b74e1f-a5eb-43fb-ba99-5775af26fb3a,J1857 - Godrej Splendour,AFS_MOU_SIGNED,ASSIGNMENT,b96a306c-0de5-41dd-922c-fdaead844069,Bank Legal Evaluation,2026-06-26 12:30:00+00,e897ff71-fcc8-4a10-ba07-9c02080a6a80,TODO
70b74e1f-a5eb-43fb-ba99-5775af26fb3a,J1857 - Godrej Splendour,AFS_MOU_SIGNED,ASSIGNMENT,03befff0-75fd-4c6e-86ce-3f0fbc24fed9,Bank Technical Evaluation,2026-06-29 12:30:00+00,e897ff71-fcc8-4a10-ba07-9c02080a6a80,TODO
70b74e1f-a5eb-43fb-ba99-5775af26fb3a,J1857 - Godrej Splendour,AFS_MOU_SIGNED,ASSIGNMENT,3c959989-b2ac-4098-ab1e-e05fc9a6fc96,Bank to be finalise,2026-06-26 11:45:00+00,e3fe351e-394d-43fb-af09-6a642b40407c,TODO
70b74e1f-a5eb-43fb-ba99-5775af26fb3a,J1857 - Godrej Splendour,AFS_MOU_SIGNED,ASSIGNMENT,a1997e74-06b4-4179-a337-b62987fe25b3,Bank to be selected,2026-06-03 12:30:00+00,5cd4520c-52d8-4c98-9cc0-232ae767192b,TODO
70b74e1f-a5eb-43fb-ba99-5775af26fb3a,J1857 - Godrej Splendour,AFS_MOU_SIGNED,ASSIGNMENT,434211c6-f511-4df8-bcbe-e6c046cc4812,Deal Term Sheet Drafting & Signing,2026-05-30 12:30:00+00,5cd4520c-52d8-4c98-9cc0-232ae767192b,TODO
70b74e1f-a5eb-43fb-ba99-5775af26fb3a,J1857 - Godrej Splendour,AFS_MOU_SIGNED,ASSIGNMENT,69e88230-174c-411d-8ab1-fe1693b47b59,Docket signing,2026-07-08 12:30:00+00,e897ff71-fcc8-4a10-ba07-9c02080a6a80,TODO
70b74e1f-a5eb-43fb-ba99-5775af26fb3a,J1857 - Godrej Splendour,AFS_MOU_SIGNED,ASSIGNMENT,c9aa287c-4b72-452d-9a34-5349f01728ab,Estamp Procurement,2026-06-15 12:30:00+00,e897ff71-fcc8-4a10-ba07-9c02080a6a80,TODO
70b74e1f-a5eb-43fb-ba99-5775af26fb3a,J1857 - Godrej Splendour,AFS_MOU_SIGNED,ASSIGNMENT,b6a5744e-1713-4c53-a73a-553d01c6b562,Jumbo Fee Collection from the Seller,2026-06-16 12:30:00+00,5cd4520c-52d8-4c98-9cc0-232ae767192b,TODO
70b74e1f-a5eb-43fb-ba99-5775af26fb3a,J1857 - Godrej Splendour,AFS_MOU_SIGNED,ASSIGNMENT,d473abcc-74ca-4fd6-85ae-06db4442a329,Legal Due Diligence to be completed,2026-06-08 12:30:00+00,5cd4520c-52d8-4c98-9cc0-232ae767192b,TODO
70b74e1f-a5eb-43fb-ba99-5775af26fb3a,J1857 - Godrej Splendour,AFS_MOU_SIGNED,ASSIGNMENT,c0cd3fc9-04ca-464b-88d2-a0ac018eaa57,Legal Due Diligence to be initiated,2026-06-01 12:30:00+00,5cd4520c-52d8-4c98-9cc0-232ae767192b,TODO
70b74e1f-a5eb-43fb-ba99-5775af26fb3a,J1857 - Godrej Splendour,AFS_MOU_SIGNED,ASSIGNMENT,cf5e1ab9-b2f3-4c39-ab47-201f83e7927e,Loan Disbursement,2026-07-16 12:30:00+00,e897ff71-fcc8-4a10-ba07-9c02080a6a80,TODO
70b74e1f-a5eb-43fb-ba99-5775af26fb3a,J1857 - Godrej Splendour,AFS_MOU_SIGNED,ASSIGNMENT,9841f1bc-12a1-4f2b-a0ee-4b69e6f70bf9,MOU Draft to be confirmed with the builder,2026-06-10 12:30:00+00,8e1fdcfe-8db6-4e50-a7ab-d820f9b95c96,TODO
70b74e1f-a5eb-43fb-ba99-5775af26fb3a,J1857 - Godrej Splendour,AFS_MOU_SIGNED,ASSIGNMENT,71b1e14a-936f-4539-aab7-5d0e23a9fb55,MOU draft to be shared on group,2026-06-09 12:30:00+00,8e1fdcfe-8db6-4e50-a7ab-d820f9b95c96,TODO
70b74e1f-a5eb-43fb-ba99-5775af26fb3a,J1857 - Godrej Splendour,AFS_MOU_SIGNED,ASSIGNMENT,0b333fb6-b5e0-457e-855d-88e016aeac65,MOU Signing,2026-06-15 12:30:00+00,8e1fdcfe-8db6-4e50-a7ab-d820f9b95c96,IN_PROGRESS
70b74e1f-a5eb-43fb-ba99-5775af26fb3a,J1857 - Godrej Splendour,AFS_MOU_SIGNED,ASSIGNMENT,7bb62405-a74a-4511-baec-714fd008c189,Penny test to be completed,2026-06-12 12:30:00+00,5cd4520c-52d8-4c98-9cc0-232ae767192b,TODO
70b74e1f-a5eb-43fb-ba99-5775af26fb3a,J1857 - Godrej Splendour,AFS_MOU_SIGNED,ASSIGNMENT,2bc45f59-76eb-4acc-848b-9ebef4e6f7b3,Safebuy Payment Collection,2026-05-30 12:30:00+00,5cd4520c-52d8-4c98-9cc0-232ae767192b,TODO
70b74e1f-a5eb-43fb-ba99-5775af26fb3a,J1857 - Godrej Splendour,AFS_MOU_SIGNED,ASSIGNMENT,5e073caf-b60e-4f27-a2e2-1607df128573,Stamp duty + Estamp charges collection,2026-06-15 12:30:00+00,5cd4520c-52d8-4c98-9cc0-232ae767192b,TODO
70b74e1f-a5eb-43fb-ba99-5775af26fb3a,J1857 - Godrej Splendour,AFS_MOU_SIGNED,ASSIGNMENT,21208ac9-8702-4f28-8882-a5cd550cb697,TDS Payment,2026-07-23 12:30:00+00,c744aa41-ef42-4d2c-81af-bda0d71aeeca,TODO
70b74e1f-a5eb-43fb-ba99-5775af26fb3a,J1857 - Godrej Splendour,AFS_MOU_SIGNED,ASSIGNMENT,516c37e3-7dda-43c7-b29f-d3632540b357,Token Payment +Whatsapp Grp Creation,2026-05-29 12:30:00+00,c744aa41-ef42-4d2c-81af-bda0d71aeeca,DONE
70b74e1f-a5eb-43fb-ba99-5775af26fb3a,J1857 - Godrej Splendour,AFS_MOU_SIGNED,ASSIGNMENT,6906a7ed-d63e-4bd6-8a8e-a4ef5fe58409,Token Release,2026-06-09 12:30:00+00,5cd4520c-52d8-4c98-9cc0-232ae767192b,TODO
767b5738-556a-44bb-9608-14aa698bee56,J512 Shriram Summit,AFS_MOU_SIGNED,RESALE,9196fd0e-2325-41c2-867d-a0a4a99fb73a,AFS Draft to be shared,2026-06-04 12:30:00+00,8e1fdcfe-8db6-4e50-a7ab-d820f9b95c96,DONE
767b5738-556a-44bb-9608-14aa698bee56,J512 Shriram Summit,AFS_MOU_SIGNED,RESALE,e514cbbc-10c9-4eb7-91b5-180cbc70ffbe,AFS Signing,2026-06-10 12:30:00+00,8e1fdcfe-8db6-4e50-a7ab-d820f9b95c96,DONE
767b5738-556a-44bb-9608-14aa698bee56,J512 Shriram Summit,AFS_MOU_SIGNED,RESALE,f4d988f0-22fd-4908-bffd-0534512e2f1d,Bank Legal Evaluation,2026-06-17 12:30:00+00,e897ff71-fcc8-4a10-ba07-9c02080a6a80,TODO
767b5738-556a-44bb-9608-14aa698bee56,J512 Shriram Summit,AFS_MOU_SIGNED,RESALE,5d582242-cb4f-4cdb-b686-612645111efa,Bank Technical Evaluation,2026-06-22 12:30:00+00,e897ff71-fcc8-4a10-ba07-9c02080a6a80,TODO
767b5738-556a-44bb-9608-14aa698bee56,J512 Shriram Summit,AFS_MOU_SIGNED,RESALE,333ada64-59fb-4c7a-bba5-3415145b9d20,Bank to be selected,2026-05-29 12:30:00+00,5cd4520c-52d8-4c98-9cc0-232ae767192b,TODO
767b5738-556a-44bb-9608-14aa698bee56,J512 Shriram Summit,AFS_MOU_SIGNED,RESALE,54ff65db-33d0-49f8-806e-58e0075c6acd,BESCOM,2026-08-13 12:30:00+00,e897ff71-fcc8-4a10-ba07-9c02080a6a80,TODO
767b5738-556a-44bb-9608-14aa698bee56,J512 Shriram Summit,AFS_MOU_SIGNED,RESALE,7b924819-9ec4-4c34-8654-cc102fa4faea,Deal Term Sheet Drafting & Signing,2026-05-26 12:30:00+00,5cd4520c-52d8-4c98-9cc0-232ae767192b,TODO
767b5738-556a-44bb-9608-14aa698bee56,J512 Shriram Summit,AFS_MOU_SIGNED,RESALE,861b68d3-94e8-43d8-b186-bc9e259fc91b,Docket signing,2026-07-03 12:30:00+00,e897ff71-fcc8-4a10-ba07-9c02080a6a80,TODO
767b5738-556a-44bb-9608-14aa698bee56,J512 Shriram Summit,AFS_MOU_SIGNED,RESALE,f3aa3306-3283-404d-a319-8f85e5d90928,Ekhata Check,2026-06-22 12:47:00+00,e897ff71-fcc8-4a10-ba07-9c02080a6a80,DONE
767b5738-556a-44bb-9608-14aa698bee56,J512 Shriram Summit,AFS_MOU_SIGNED,RESALE,08b737d2-3d2b-42ad-83c0-3586ceb526a2,E- khata to be checked if its open,2026-05-26 12:30:00+00,e897ff71-fcc8-4a10-ba07-9c02080a6a80,TODO
767b5738-556a-44bb-9608-14aa698bee56,J512 Shriram Summit,AFS_MOU_SIGNED,RESALE,99bd4d1b-7669-485e-b6a2-a4d3ef3aa2f7,E Khata Transfer,2026-07-27 12:30:00+00,e897ff71-fcc8-4a10-ba07-9c02080a6a80,TODO
767b5738-556a-44bb-9608-14aa698bee56,J512 Shriram Summit,AFS_MOU_SIGNED,RESALE,6133adcd-b6aa-4250-a327-5a4e62d73b04,Estamp Procurement,2026-06-08 12:30:00+00,e897ff71-fcc8-4a10-ba07-9c02080a6a80,TODO
767b5738-556a-44bb-9608-14aa698bee56,J512 Shriram Summit,AFS_MOU_SIGNED,RESALE,2bdab8a5-7d19-4d23-8475-7af0915e8ba0,Jumbo Fee Collection from the Seller,2026-06-10 12:30:00+00,5cd4520c-52d8-4c98-9cc0-232ae767192b,TODO
767b5738-556a-44bb-9608-14aa698bee56,J512 Shriram Summit,AFS_MOU_SIGNED,RESALE,a5d65c66-ee05-461d-a3d7-4b0c26a919f4,Legal Due Diligence to be completed,2026-06-03 12:30:00+00,5cd4520c-52d8-4c98-9cc0-232ae767192b,TODO
767b5738-556a-44bb-9608-14aa698bee56,J512 Shriram Summit,AFS_MOU_SIGNED,RESALE,bcae2897-5314-4b6f-ad0a-7b0a55a7f2d2,Legal Due Diligence to be initiated,2026-05-27 12:30:00+00,5cd4520c-52d8-4c98-9cc0-232ae767192b,TODO
767b5738-556a-44bb-9608-14aa698bee56,J512 Shriram Summit,AFS_MOU_SIGNED,RESALE,f62de6dc-3908-4633-9fd6-21799253344f,ODV,2026-06-27 12:30:00+00,e897ff71-fcc8-4a10-ba07-9c02080a6a80,TODO
767b5738-556a-44bb-9608-14aa698bee56,J512 Shriram Summit,AFS_MOU_SIGNED,RESALE,a7f4c7e3-ea7f-4e3a-92bf-c0d2322f1c7b,Penny test to be completed,2026-06-05 12:30:00+00,5cd4520c-52d8-4c98-9cc0-232ae767192b,TODO
767b5738-556a-44bb-9608-14aa698bee56,J512 Shriram Summit,AFS_MOU_SIGNED,RESALE,85d25bfc-9693-43e9-8b01-8f829598b866,Property Tax Name Change,2026-07-28 12:30:00+00,e897ff71-fcc8-4a10-ba07-9c02080a6a80,TODO
767b5738-556a-44bb-9608-14aa698bee56,J512 Shriram Summit,AFS_MOU_SIGNED,RESALE,d294e1e7-6832-464b-b164-2e97263ef9ae,Registration Slot booking,2026-06-26 10:17:00+00,e897ff71-fcc8-4a10-ba07-9c02080a6a80,IN_PROGRESS
767b5738-556a-44bb-9608-14aa698bee56,J512 Shriram Summit,AFS_MOU_SIGNED,RESALE,c7a5a86b-8cf8-4c55-bc4d-48a48c9cd49d,revised sale deed draft,2026-06-22 12:46:00+00,8e1fdcfe-8db6-4e50-a7ab-d820f9b95c96,DONE
767b5738-556a-44bb-9608-14aa698bee56,J512 Shriram Summit,AFS_MOU_SIGNED,RESALE,711f3aa2-b7f6-41f6-890f-2d3db5553d7a,Safebuy Payment Collection,2026-05-26 12:30:00+00,5cd4520c-52d8-4c98-9cc0-232ae767192b,TODO
767b5738-556a-44bb-9608-14aa698bee56,J512 Shriram Summit,AFS_MOU_SIGNED,RESALE,478be1e8-d343-49aa-ae6b-f5234ab6cc32,Sale deed Registration,2026-07-09 12:30:00+00,e897ff71-fcc8-4a10-ba07-9c02080a6a80,TODO
767b5738-556a-44bb-9608-14aa698bee56,J512 Shriram Summit,AFS_MOU_SIGNED,RESALE,f0105525-9034-4bcd-b8f6-5a76bcea3c12,Sale deed to be shared on group,2026-06-11 12:30:00+00,8e1fdcfe-8db6-4e50-a7ab-d820f9b95c96,TODO
767b5738-556a-44bb-9608-14aa698bee56,J512 Shriram Summit,AFS_MOU_SIGNED,RESALE,1b8bde03-f890-44ff-b27b-2c48f96adab2,SRO Slot booking,2026-07-06 12:30:00+00,e897ff71-fcc8-4a10-ba07-9c02080a6a80,TODO
767b5738-556a-44bb-9608-14aa698bee56,J512 Shriram Summit,AFS_MOU_SIGNED,RESALE,6a101644-b29a-41d1-9a52-40382bc5bf0d,Stamp duty + Estamp charges collection,2026-06-08 12:30:00+00,5cd4520c-52d8-4c98-9cc0-232ae767192b,TODO
767b5738-556a-44bb-9608-14aa698bee56,J512 Shriram Summit,AFS_MOU_SIGNED,RESALE,02703063-192a-4abe-9e21-8c1d9495b32e,TDS Payment,2026-07-30 12:30:00+00,c744aa41-ef42-4d2c-81af-bda0d71aeeca,TODO
767b5738-556a-44bb-9608-14aa698bee56,J512 Shriram Summit,AFS_MOU_SIGNED,RESALE,a71da87f-abab-488c-8e13-af164337965e,Token Payment +Whatsapp Grp Creation,2026-05-25 12:30:00+00,c744aa41-ef42-4d2c-81af-bda0d71aeeca,DONE
767b5738-556a-44bb-9608-14aa698bee56,J512 Shriram Summit,AFS_MOU_SIGNED,RESALE,0e739405-256b-4dac-9452-693eabb8db7a,Token Release,2026-06-04 12:30:00+00,5cd4520c-52d8-4c98-9cc0-232ae767192b,TODO
77cbe560-d930-4937-b3d4-23736c626b99,[Jumbo] J2271  - Godrej Splendour G2004,AFS_MOU_SIGNED,ASSIGNMENT,2a4496ca-1997-4fde-8991-58c662df7cb3,Assignment Agrement Initiation with the builder,2026-07-15 12:30:00+00,8e1fdcfe-8db6-4e50-a7ab-d820f9b95c96,TODO
77cbe560-d930-4937-b3d4-23736c626b99,[Jumbo] J2271  - Godrej Splendour G2004,AFS_MOU_SIGNED,ASSIGNMENT,bd79f7e7-a975-4071-8c0d-0ddaeb5f7bf1,Assignment Agrement to be signed,2026-08-03 12:30:00+00,8e1fdcfe-8db6-4e50-a7ab-d820f9b95c96,TODO
77cbe560-d930-4937-b3d4-23736c626b99,[Jumbo] J2271  - Godrej Splendour G2004,AFS_MOU_SIGNED,ASSIGNMENT,c3f8bd1c-8cab-48cb-ab05-01afe20b3cdd,Bank Legal Evaluation,2026-07-20 12:30:00+00,e897ff71-fcc8-4a10-ba07-9c02080a6a80,TODO
77cbe560-d930-4937-b3d4-23736c626b99,[Jumbo] J2271  - Godrej Splendour G2004,AFS_MOU_SIGNED,ASSIGNMENT,00d53d12-f978-4008-892c-85e03428a571,Bank Technical Evaluation,2026-07-22 12:30:00+00,e897ff71-fcc8-4a10-ba07-9c02080a6a80,TODO
77cbe560-d930-4937-b3d4-23736c626b99,[Jumbo] J2271  - Godrej Splendour G2004,AFS_MOU_SIGNED,ASSIGNMENT,0c328f4a-6230-4dad-8345-2b845f148900,Bank to be selected,2026-06-26 12:30:00+00,5cd4520c-52d8-4c98-9cc0-232ae767192b,TODO
77cbe560-d930-4937-b3d4-23736c626b99,[Jumbo] J2271  - Godrej Splendour G2004,AFS_MOU_SIGNED,ASSIGNMENT,2d1fbd1a-7add-46b1-adfb-f00e36cb8a24,Deal Term Sheet Drafting,2026-06-24 05:42:00+00,e3fe351e-394d-43fb-af09-6a642b40407c,DONE
77cbe560-d930-4937-b3d4-23736c626b99,[Jumbo] J2271  - Godrej Splendour G2004,AFS_MOU_SIGNED,ASSIGNMENT,37b40ae1-d8ac-48b2-8fb8-e380999691f6,Deal Term Sheet Drafting & Signing,2026-06-23 12:30:00+00,5cd4520c-52d8-4c98-9cc0-232ae767192b,DONE
77cbe560-d930-4937-b3d4-23736c626b99,[Jumbo] J2271  - Godrej Splendour G2004,AFS_MOU_SIGNED,ASSIGNMENT,864b2790-8d2a-4127-87cf-7546523d8d96,Deal Term sheet signing,2026-06-29 05:42:00+00,e3fe351e-394d-43fb-af09-6a642b40407c,DONE
77cbe560-d930-4937-b3d4-23736c626b99,[Jumbo] J2271  - Godrej Splendour G2004,AFS_MOU_SIGNED,ASSIGNMENT,cb4f9365-f95c-470c-8d4e-554a7076e7cd,Docket signing,2026-07-31 12:30:00+00,e897ff71-fcc8-4a10-ba07-9c02080a6a80,TODO
77cbe560-d930-4937-b3d4-23736c626b99,[Jumbo] J2271  - Godrej Splendour G2004,AFS_MOU_SIGNED,ASSIGNMENT,23591741-df15-4ccd-85cd-142805ab2096,Estamp Procurement,2026-07-08 12:30:00+00,e897ff71-fcc8-4a10-ba07-9c02080a6a80,TODO
77cbe560-d930-4937-b3d4-23736c626b99,[Jumbo] J2271  - Godrej Splendour G2004,AFS_MOU_SIGNED,ASSIGNMENT,92174d98-989b-4139-9535-4cfc64519846,Jumbo Fee Collection from the Seller,2026-07-09 12:30:00+00,5cd4520c-52d8-4c98-9cc0-232ae767192b,TODO
77cbe560-d930-4937-b3d4-23736c626b99,[Jumbo] J2271  - Godrej Splendour G2004,AFS_MOU_SIGNED,ASSIGNMENT,fcb98409-cc1d-48e8-b901-472ccd8a9e84,Legal Due diligence,,e3fe351e-394d-43fb-af09-6a642b40407c,TODO
77cbe560-d930-4937-b3d4-23736c626b99,[Jumbo] J2271  - Godrej Splendour G2004,AFS_MOU_SIGNED,ASSIGNMENT,1f256917-5690-4b75-8e01-946b3c58e710,Legal Due Diligence to be completed,2026-07-01 12:30:00+00,5cd4520c-52d8-4c98-9cc0-232ae767192b,TODO
77cbe560-d930-4937-b3d4-23736c626b99,[Jumbo] J2271  - Godrej Splendour G2004,AFS_MOU_SIGNED,ASSIGNMENT,fe247617-dddc-49a1-bbbb-aacbde775a66,Legal Due Diligence to be initiated,2026-06-24 12:30:00+00,5cd4520c-52d8-4c98-9cc0-232ae767192b,TODO
77cbe560-d930-4937-b3d4-23736c626b99,[Jumbo] J2271  - Godrej Splendour G2004,AFS_MOU_SIGNED,ASSIGNMENT,d4ffa729-953d-48cf-8da3-08d70af2e525,Loan Disbursement,2026-08-08 12:30:00+00,e897ff71-fcc8-4a10-ba07-9c02080a6a80,TODO
77cbe560-d930-4937-b3d4-23736c626b99,[Jumbo] J2271  - Godrej Splendour G2004,AFS_MOU_SIGNED,ASSIGNMENT,f5e7e3d1-eb3d-4093-8a78-dd70a3ba1e3d,MOU Draft to be confirmed with the builder,2026-07-03 12:30:00+00,8e1fdcfe-8db6-4e50-a7ab-d820f9b95c96,TODO
77cbe560-d930-4937-b3d4-23736c626b99,[Jumbo] J2271  - Godrej Splendour G2004,AFS_MOU_SIGNED,ASSIGNMENT,60a70e55-ae00-4462-8358-7a10cf00ba7e,MOU draft to be shared on group,2026-07-02 12:30:00+00,8e1fdcfe-8db6-4e50-a7ab-d820f9b95c96,TODO
77cbe560-d930-4937-b3d4-23736c626b99,[Jumbo] J2271  - Godrej Splendour G2004,AFS_MOU_SIGNED,ASSIGNMENT,78c733bc-ef7b-4953-a78c-06c58d2ec00e,MOU Signing,2026-07-08 12:30:00+00,8e1fdcfe-8db6-4e50-a7ab-d820f9b95c96,TODO
77cbe560-d930-4937-b3d4-23736c626b99,[Jumbo] J2271  - Godrej Splendour G2004,AFS_MOU_SIGNED,ASSIGNMENT,f377147b-4203-47d5-8bf9-51320e3a30fd,Penny test to be completed,2026-07-06 12:30:00+00,5cd4520c-52d8-4c98-9cc0-232ae767192b,DONE
77cbe560-d930-4937-b3d4-23736c626b99,[Jumbo] J2271  - Godrej Splendour G2004,AFS_MOU_SIGNED,ASSIGNMENT,55127b2f-9d3b-4764-b0a0-566732055b4d,Safebuy Payment Collection,2026-06-23 12:30:00+00,5cd4520c-52d8-4c98-9cc0-232ae767192b,TODO
77cbe560-d930-4937-b3d4-23736c626b99,[Jumbo] J2271  - Godrej Splendour G2004,AFS_MOU_SIGNED,ASSIGNMENT,3aaeb415-c2c3-4882-a7a6-56add3fd33e0,Stamp duty + Estamp charges collection,2026-07-08 12:30:00+00,5cd4520c-52d8-4c98-9cc0-232ae767192b,TODO
77cbe560-d930-4937-b3d4-23736c626b99,[Jumbo] J2271  - Godrej Splendour G2004,AFS_MOU_SIGNED,ASSIGNMENT,ba4baca6-73b6-4bef-922f-beb0ea24eeb3,TDS Payment,2026-08-01 12:30:00+00,c744aa41-ef42-4d2c-81af-bda0d71aeeca,TODO
77cbe560-d930-4937-b3d4-23736c626b99,[Jumbo] J2271  - Godrej Splendour G2004,AFS_MOU_SIGNED,ASSIGNMENT,4da858dc-8914-46b0-b8ce-1b8818604060,Token Payment +Whatsapp Grp Creation,2026-06-22 12:30:00+00,c744aa41-ef42-4d2c-81af-bda0d71aeeca,DONE
77cbe560-d930-4937-b3d4-23736c626b99,[Jumbo] J2271  - Godrej Splendour G2004,AFS_MOU_SIGNED,ASSIGNMENT,7b6842cc-fc0d-4eb6-b4b5-fe7af24d2218,Token Release,2026-07-02 12:30:00+00,5cd4520c-52d8-4c98-9cc0-232ae767192b,DONE
78036708-524e-41b5-b675-ca4089b12800,[Jumbo] J2029 - Godrej Splendor,TOKEN_PAID,ASSIGNMENT,7c945610-e370-4cd1-9d5e-f6d8b469e903,Assignment Agrement Initiation with the builder,2026-08-13 12:30:00+00,8e1fdcfe-8db6-4e50-a7ab-d820f9b95c96,TODO
78036708-524e-41b5-b675-ca4089b12800,[Jumbo] J2029 - Godrej Splendor,TOKEN_PAID,ASSIGNMENT,f497dd23-0414-4a5b-8bab-ea99b98fb3a9,Assignment Agrement to be signed,2026-08-26 12:30:00+00,8e1fdcfe-8db6-4e50-a7ab-d820f9b95c96,TODO
78036708-524e-41b5-b675-ca4089b12800,[Jumbo] J2029 - Godrej Splendor,TOKEN_PAID,ASSIGNMENT,b107f24b-3805-4249-b35e-f7ed50164ea2,Bank Legal Evaluation,2026-08-19 12:30:00+00,5cd4520c-52d8-4c98-9cc0-232ae767192b,TODO
78036708-524e-41b5-b675-ca4089b12800,[Jumbo] J2029 - Godrej Splendor,TOKEN_PAID,ASSIGNMENT,7c3792b9-7806-45c9-b18e-8f7c518db0b1,Bank Technical Evaluation,2026-08-21 12:30:00+00,5cd4520c-52d8-4c98-9cc0-232ae767192b,TODO
78036708-524e-41b5-b675-ca4089b12800,[Jumbo] J2029 - Godrej Splendor,TOKEN_PAID,ASSIGNMENT,f3527c28-e23f-4b87-af8f-ad5af7e47666,Bank to be selected,2026-07-22 12:30:00+00,5cd4520c-52d8-4c98-9cc0-232ae767192b,TODO
78036708-524e-41b5-b675-ca4089b12800,[Jumbo] J2029 - Godrej Splendor,TOKEN_PAID,ASSIGNMENT,71c7de8e-b4bd-4ab0-951b-f2110404ffac,Deal Term Sheet Drafting & Signing,2026-07-16 12:30:00+00,5cd4520c-52d8-4c98-9cc0-232ae767192b,TODO
78036708-524e-41b5-b675-ca4089b12800,[Jumbo] J2029 - Godrej Splendor,TOKEN_PAID,ASSIGNMENT,9007ce76-1bf6-4bd7-a830-0100f838ae0d,Docket signing,2026-09-02 12:30:00+00,5cd4520c-52d8-4c98-9cc0-232ae767192b,TODO
78036708-524e-41b5-b675-ca4089b12800,[Jumbo] J2029 - Godrej Splendor,TOKEN_PAID,ASSIGNMENT,ce1b04cc-b2af-4514-b7e3-775fd4d393d0,Estamp Procurement,2026-08-05 12:30:00+00,e897ff71-fcc8-4a10-ba07-9c02080a6a80,TODO
78036708-524e-41b5-b675-ca4089b12800,[Jumbo] J2029 - Godrej Splendor,TOKEN_PAID,ASSIGNMENT,86c8d1f5-88d0-4d3f-b1a5-d3947c386571,Jumbo Fee Collection from the Seller,2026-08-01 12:30:00+00,5cd4520c-52d8-4c98-9cc0-232ae767192b,TODO
78036708-524e-41b5-b675-ca4089b12800,[Jumbo] J2029 - Godrej Splendor,TOKEN_PAID,ASSIGNMENT,d6fdf4f1-faf9-45c2-82b4-85a63a80c546,Legal Due Diligence to be completed,2026-07-28 12:30:00+00,5cd4520c-52d8-4c98-9cc0-232ae767192b,TODO
78036708-524e-41b5-b675-ca4089b12800,[Jumbo] J2029 - Godrej Splendor,TOKEN_PAID,ASSIGNMENT,f9fe5961-8d12-4381-8082-2588e7682078,Legal Due Diligence to be initiated,2026-07-20 12:30:00+00,5cd4520c-52d8-4c98-9cc0-232ae767192b,TODO
78036708-524e-41b5-b675-ca4089b12800,[Jumbo] J2029 - Godrej Splendor,TOKEN_PAID,ASSIGNMENT,d7f8058a-a468-4a19-a709-3d0050284bc4,Loan Disbursement,2026-09-11 12:30:00+00,5cd4520c-52d8-4c98-9cc0-232ae767192b,TODO
78036708-524e-41b5-b675-ca4089b12800,[Jumbo] J2029 - Godrej Splendor,TOKEN_PAID,ASSIGNMENT,dbbdfe87-b44c-4ffa-b804-d70105425f92,MOU Draft to be confirmed with the builder,2026-07-27 12:30:00+00,8e1fdcfe-8db6-4e50-a7ab-d820f9b95c96,TODO
78036708-524e-41b5-b675-ca4089b12800,[Jumbo] J2029 - Godrej Splendor,TOKEN_PAID,ASSIGNMENT,78a21f8b-c340-47dd-89ad-880436f14642,MOU draft to be shared on group,2026-07-25 12:30:00+00,8e1fdcfe-8db6-4e50-a7ab-d820f9b95c96,TODO
78036708-524e-41b5-b675-ca4089b12800,[Jumbo] J2029 - Godrej Splendor,TOKEN_PAID,ASSIGNMENT,e61cdda4-a26d-413e-938b-07b00f418e27,MOU Signing,2026-08-05 12:30:00+00,8e1fdcfe-8db6-4e50-a7ab-d820f9b95c96,TODO
78036708-524e-41b5-b675-ca4089b12800,[Jumbo] J2029 - Godrej Splendor,TOKEN_PAID,ASSIGNMENT,4b350422-5a49-4bdf-a964-97bb8d804cfe,Penny test to be completed,2026-08-03 12:30:00+00,8e1fdcfe-8db6-4e50-a7ab-d820f9b95c96,TODO
78036708-524e-41b5-b675-ca4089b12800,[Jumbo] J2029 - Godrej Splendor,TOKEN_PAID,ASSIGNMENT,edd3a74b-3c69-4b4e-a9e5-22871b304ada,Safebuy Payment Collection,2026-07-16 12:30:00+00,5cd4520c-52d8-4c98-9cc0-232ae767192b,TODO
78036708-524e-41b5-b675-ca4089b12800,[Jumbo] J2029 - Godrej Splendor,TOKEN_PAID,ASSIGNMENT,ac66b2f6-6cb1-4fe5-8235-c5262fc26ac5,Stamp duty + Estamp charges collection,2026-07-31 12:30:00+00,5cd4520c-52d8-4c98-9cc0-232ae767192b,TODO
78036708-524e-41b5-b675-ca4089b12800,[Jumbo] J2029 - Godrej Splendor,TOKEN_PAID,ASSIGNMENT,1bb7ea65-ef9c-46de-b648-4c72426e337c,TDS Payment,2026-09-03 12:30:00+00,c744aa41-ef42-4d2c-81af-bda0d71aeeca,TODO
78036708-524e-41b5-b675-ca4089b12800,[Jumbo] J2029 - Godrej Splendor,TOKEN_PAID,ASSIGNMENT,60ef3f76-0925-4ffe-b459-2e8a9d399ca4,Token Payment +Whatsapp Grp Creation,2026-07-16 12:30:00+00,c744aa41-ef42-4d2c-81af-bda0d71aeeca,TODO
78036708-524e-41b5-b675-ca4089b12800,[Jumbo] J2029 - Godrej Splendor,TOKEN_PAID,ASSIGNMENT,bcc49dc7-9489-4bbe-9895-3f32999e95c8,Token Release,2026-07-25 12:30:00+00,5cd4520c-52d8-4c98-9cc0-232ae767192b,TODO
7ebd582c-400c-4eb4-a578-6dd090ed7b75,J2196 - Manar Silver Shadow,AFS_MOU_SIGNED,RESALE,5a908180-477a-4127-8287-609bad938ac0,AFS Drafting,2026-06-24 11:27:00+00,8e1fdcfe-8db6-4e50-a7ab-d820f9b95c96,IN_PROGRESS
7ebd582c-400c-4eb4-a578-6dd090ed7b75,J2196 - Manar Silver Shadow,AFS_MOU_SIGNED,RESALE,e782d0f8-4e40-4f04-bbb3-782ed1755c01,AFS Draft to be shared,2026-06-17 12:30:00+00,8e1fdcfe-8db6-4e50-a7ab-d820f9b95c96,TODO
7ebd582c-400c-4eb4-a578-6dd090ed7b75,J2196 - Manar Silver Shadow,AFS_MOU_SIGNED,RESALE,347e50da-1752-45e2-bdd0-b9a8c1e361a1,AFS Signing,2026-06-23 12:30:00+00,8e1fdcfe-8db6-4e50-a7ab-d820f9b95c96,TODO
7ebd582c-400c-4eb4-a578-6dd090ed7b75,J2196 - Manar Silver Shadow,AFS_MOU_SIGNED,RESALE,a9ebb303-63f0-4537-9918-89922735150c,Bank Legal Evaluation,2026-06-30 12:30:00+00,e897ff71-fcc8-4a10-ba07-9c02080a6a80,TODO
7ebd582c-400c-4eb4-a578-6dd090ed7b75,J2196 - Manar Silver Shadow,AFS_MOU_SIGNED,RESALE,e7f0f81e-158a-4dfe-bd4f-4054ee52658e,Bank Technical Evaluation,2026-07-04 12:30:00+00,e897ff71-fcc8-4a10-ba07-9c02080a6a80,TODO
7ebd582c-400c-4eb4-a578-6dd090ed7b75,J2196 - Manar Silver Shadow,AFS_MOU_SIGNED,RESALE,d734c243-d7f7-4124-a2a4-eac296a91818,Bank to be selected,2026-06-11 12:30:00+00,5cd4520c-52d8-4c98-9cc0-232ae767192b,TODO
7ebd582c-400c-4eb4-a578-6dd090ed7b75,J2196 - Manar Silver Shadow,AFS_MOU_SIGNED,RESALE,1dff9ca5-2a0a-461b-be29-25eb9b98fcb6,BESCOM,2026-08-26 12:30:00+00,e897ff71-fcc8-4a10-ba07-9c02080a6a80,TODO
7ebd582c-400c-4eb4-a578-6dd090ed7b75,J2196 - Manar Silver Shadow,AFS_MOU_SIGNED,RESALE,55d7a266-60f4-4b5d-a608-191fee02af3b,Deal Term Sheet Drafting & Signing,2026-06-08 12:30:00+00,5cd4520c-52d8-4c98-9cc0-232ae767192b,TODO
7ebd582c-400c-4eb4-a578-6dd090ed7b75,J2196 - Manar Silver Shadow,AFS_MOU_SIGNED,RESALE,66b541c7-0faf-4970-9055-8b7b57de390a,Deal Term Sheet Signing,2026-06-17 12:35:00+00,e3fe351e-394d-43fb-af09-6a642b40407c,DONE
7ebd582c-400c-4eb4-a578-6dd090ed7b75,J2196 - Manar Silver Shadow,AFS_MOU_SIGNED,RESALE,2c9276c5-892f-4247-bc53-392f27c868fd,Docket signing,2026-07-16 12:30:00+00,e897ff71-fcc8-4a10-ba07-9c02080a6a80,TODO
7ebd582c-400c-4eb4-a578-6dd090ed7b75,J2196 - Manar Silver Shadow,AFS_MOU_SIGNED,RESALE,72ee884d-efb5-4750-91ef-157f68203be8,E Khata to be checked,,e897ff71-fcc8-4a10-ba07-9c02080a6a80,DONE
7ebd582c-400c-4eb4-a578-6dd090ed7b75,J2196 - Manar Silver Shadow,AFS_MOU_SIGNED,RESALE,7ca864e1-d53d-41c8-9774-8e416233f24c,E- khata to be checked if its open,2026-06-08 12:30:00+00,e897ff71-fcc8-4a10-ba07-9c02080a6a80,TODO
7ebd582c-400c-4eb4-a578-6dd090ed7b75,J2196 - Manar Silver Shadow,AFS_MOU_SIGNED,RESALE,7539c521-2f37-462c-9c99-cf3537f93ce4,E Khata Transfer,2026-08-08 12:30:00+00,e897ff71-fcc8-4a10-ba07-9c02080a6a80,TODO
7ebd582c-400c-4eb4-a578-6dd090ed7b75,J2196 - Manar Silver Shadow,AFS_MOU_SIGNED,RESALE,a33ee30d-f9d5-4f79-b5fe-5bb71660bf79,Estamp Procurement,2026-06-20 12:30:00+00,e897ff71-fcc8-4a10-ba07-9c02080a6a80,TODO
7ebd582c-400c-4eb4-a578-6dd090ed7b75,J2196 - Manar Silver Shadow,AFS_MOU_SIGNED,RESALE,950b3f7a-1c5a-4ede-bd14-c5c0134c94af,Jumbo Fee Collection from the Seller,2026-06-23 12:30:00+00,5cd4520c-52d8-4c98-9cc0-232ae767192b,TODO
7ebd582c-400c-4eb4-a578-6dd090ed7b75,J2196 - Manar Silver Shadow,AFS_MOU_SIGNED,RESALE,218dc967-b1bf-47b3-962f-030e91ea7f6a,Legal due diligence,2026-06-23 05:47:00+00,e3fe351e-394d-43fb-af09-6a642b40407c,DONE
7ebd582c-400c-4eb4-a578-6dd090ed7b75,J2196 - Manar Silver Shadow,AFS_MOU_SIGNED,RESALE,51366b83-6b85-41ba-90dd-2e449f23391f,Legal Due Diligence to be completed,2026-06-16 12:30:00+00,5cd4520c-52d8-4c98-9cc0-232ae767192b,TODO
7ebd582c-400c-4eb4-a578-6dd090ed7b75,J2196 - Manar Silver Shadow,AFS_MOU_SIGNED,RESALE,852d8074-4674-462b-99cf-51f0c4f5df97,Legal Due Diligence to be initiated,2026-06-09 12:30:00+00,5cd4520c-52d8-4c98-9cc0-232ae767192b,TODO
7ebd582c-400c-4eb4-a578-6dd090ed7b75,J2196 - Manar Silver Shadow,AFS_MOU_SIGNED,RESALE,9857a23f-41f4-4c10-a4d5-0740c0795780,ODV,2026-07-10 12:30:00+00,e897ff71-fcc8-4a10-ba07-9c02080a6a80,TODO
7ebd582c-400c-4eb4-a578-6dd090ed7b75,J2196 - Manar Silver Shadow,AFS_MOU_SIGNED,RESALE,4756c8e0-3521-4a3d-aa83-d2525c798d36,Penny Test,2026-06-29 11:27:00+00,e3fe351e-394d-43fb-af09-6a642b40407c,IN_PROGRESS
7ebd582c-400c-4eb4-a578-6dd090ed7b75,J2196 - Manar Silver Shadow,AFS_MOU_SIGNED,RESALE,d25e2b86-55bb-4a4e-9dc2-d7fdd169c8d9,Penny test to be completed,2026-06-18 12:30:00+00,5cd4520c-52d8-4c98-9cc0-232ae767192b,TODO
7ebd582c-400c-4eb4-a578-6dd090ed7b75,J2196 - Manar Silver Shadow,AFS_MOU_SIGNED,RESALE,7cf4ab2f-5cac-4b94-b84c-545120d5205f,Property Tax Name Change,2026-08-10 12:30:00+00,e897ff71-fcc8-4a10-ba07-9c02080a6a80,TODO
7ebd582c-400c-4eb4-a578-6dd090ed7b75,J2196 - Manar Silver Shadow,AFS_MOU_SIGNED,RESALE,ba28d9b8-ebd6-4151-9b3c-82abb6ee7bfc,Safebuy Payment Collection,2026-06-08 12:30:00+00,5cd4520c-52d8-4c98-9cc0-232ae767192b,TODO
7ebd582c-400c-4eb4-a578-6dd090ed7b75,J2196 - Manar Silver Shadow,AFS_MOU_SIGNED,RESALE,3bcac1d6-ebb6-4f70-be8f-6f4d54932f10,Sale deed drafting,2026-06-29 11:28:00+00,8e1fdcfe-8db6-4e50-a7ab-d820f9b95c96,DONE
7ebd582c-400c-4eb4-a578-6dd090ed7b75,J2196 - Manar Silver Shadow,AFS_MOU_SIGNED,RESALE,ec93bf76-3891-4da5-a61d-f37576e22fc2,Sale deed Registration,2026-07-22 12:30:00+00,e897ff71-fcc8-4a10-ba07-9c02080a6a80,TODO
7ebd582c-400c-4eb4-a578-6dd090ed7b75,J2196 - Manar Silver Shadow,AFS_MOU_SIGNED,RESALE,8c8bb216-9677-4e28-baa2-4fd3f77b5ed9,Sale deed to be shared on group,2026-06-24 12:30:00+00,8e1fdcfe-8db6-4e50-a7ab-d820f9b95c96,TODO
7ebd582c-400c-4eb4-a578-6dd090ed7b75,J2196 - Manar Silver Shadow,AFS_MOU_SIGNED,RESALE,456cef88-2338-416a-8eea-025be9af5d2e,SRO Slot booking,2026-07-18 12:30:00+00,e897ff71-fcc8-4a10-ba07-9c02080a6a80,TODO
7ebd582c-400c-4eb4-a578-6dd090ed7b75,J2196 - Manar Silver Shadow,AFS_MOU_SIGNED,RESALE,15656a3e-d5de-4a68-a436-a12fd15ca456,Stamp duty + Estamp charges collection,2026-06-20 12:30:00+00,5cd4520c-52d8-4c98-9cc0-232ae767192b,TODO
7ebd582c-400c-4eb4-a578-6dd090ed7b75,J2196 - Manar Silver Shadow,AFS_MOU_SIGNED,RESALE,0241cc1d-9368-4270-8fd0-081a01a66e36,TDS Payment,2026-07-23 12:30:00+00,c744aa41-ef42-4d2c-81af-bda0d71aeeca,TODO
7ebd582c-400c-4eb4-a578-6dd090ed7b75,J2196 - Manar Silver Shadow,AFS_MOU_SIGNED,RESALE,9fbca624-7d00-4165-84e8-743ca7f5f99a,Token Payment +Whatsapp Grp Creation,2026-06-06 12:30:00+00,c744aa41-ef42-4d2c-81af-bda0d71aeeca,DONE
7ebd582c-400c-4eb4-a578-6dd090ed7b75,J2196 - Manar Silver Shadow,AFS_MOU_SIGNED,RESALE,a5722641-d358-4fd4-9b9d-e66719d34794,Token Release,2026-06-17 12:30:00+00,5cd4520c-52d8-4c98-9cc0-232ae767192b,DONE
8315ba67-a398-48d7-ab66-a195d1ddac31,[Jumbo] J2265 SM Art,TOKEN_PAID,ASSIGNMENT,b5302f76-bc7e-4eaa-982f-efe4e11281e8,Assignment Agrement Initiation with the builder,2026-08-01 12:30:00+00,8e1fdcfe-8db6-4e50-a7ab-d820f9b95c96,TODO
8315ba67-a398-48d7-ab66-a195d1ddac31,[Jumbo] J2265 SM Art,TOKEN_PAID,ASSIGNMENT,efee3305-a87b-45d6-8e34-30bf64a0b036,Assignment Agrement to be signed,2026-08-20 12:30:00+00,8e1fdcfe-8db6-4e50-a7ab-d820f9b95c96,TODO
8315ba67-a398-48d7-ab66-a195d1ddac31,[Jumbo] J2265 SM Art,TOKEN_PAID,ASSIGNMENT,3c8d2b6d-a1d0-4674-a88b-31176513c38b,Bank Legal Evaluation,2026-08-06 12:30:00+00,e897ff71-fcc8-4a10-ba07-9c02080a6a80,TODO
8315ba67-a398-48d7-ab66-a195d1ddac31,[Jumbo] J2265 SM Art,TOKEN_PAID,ASSIGNMENT,4a0ad535-6065-45b9-a899-0899809e45cf,Bank Technical Evaluation,2026-08-08 12:30:00+00,e897ff71-fcc8-4a10-ba07-9c02080a6a80,TODO
8315ba67-a398-48d7-ab66-a195d1ddac31,[Jumbo] J2265 SM Art,TOKEN_PAID,ASSIGNMENT,1a125951-ae4f-4c74-b60c-d849aa624230,Bank to be selected,2026-07-14 12:30:00+00,5cd4520c-52d8-4c98-9cc0-232ae767192b,TODO
8315ba67-a398-48d7-ab66-a195d1ddac31,[Jumbo] J2265 SM Art,TOKEN_PAID,ASSIGNMENT,d2795ccd-3ada-4e20-b759-99d6e7a5e244,Deal Term Sheet Drafting & Signing,2026-07-10 12:30:00+00,5cd4520c-52d8-4c98-9cc0-232ae767192b,TODO
8315ba67-a398-48d7-ab66-a195d1ddac31,[Jumbo] J2265 SM Art,TOKEN_PAID,ASSIGNMENT,3532d71f-b1b2-4863-b821-97c5dd416b1f,Docket signing,2026-08-18 12:30:00+00,e897ff71-fcc8-4a10-ba07-9c02080a6a80,TODO
8315ba67-a398-48d7-ab66-a195d1ddac31,[Jumbo] J2265 SM Art,TOKEN_PAID,ASSIGNMENT,7f7b9fe8-cb07-4b0f-8e23-061ca885c1f4,Estamp Procurement,2026-07-25 12:30:00+00,e897ff71-fcc8-4a10-ba07-9c02080a6a80,TODO
8315ba67-a398-48d7-ab66-a195d1ddac31,[Jumbo] J2265 SM Art,TOKEN_PAID,ASSIGNMENT,afe34014-4cfc-4103-beec-bfcf4deae1d6,Jumbo Fee Collection from the Seller,2026-07-27 12:30:00+00,5cd4520c-52d8-4c98-9cc0-232ae767192b,TODO
8315ba67-a398-48d7-ab66-a195d1ddac31,[Jumbo] J2265 SM Art,TOKEN_PAID,ASSIGNMENT,45a2a18f-22c3-41fb-a430-151150aba1dc,Legal Due Diligence to be completed,2026-07-18 12:30:00+00,5cd4520c-52d8-4c98-9cc0-232ae767192b,TODO
8315ba67-a398-48d7-ab66-a195d1ddac31,[Jumbo] J2265 SM Art,TOKEN_PAID,ASSIGNMENT,2c81504b-5a5f-4166-bd6d-d62167ce8c70,Legal Due Diligence to be initiated,2026-07-11 12:30:00+00,5cd4520c-52d8-4c98-9cc0-232ae767192b,IN_PROGRESS
8315ba67-a398-48d7-ab66-a195d1ddac31,[Jumbo] J2265 SM Art,TOKEN_PAID,ASSIGNMENT,e0a51eb6-1130-4eeb-83cd-570871ef61a7,Loan Disbursement,2026-08-26 12:30:00+00,e897ff71-fcc8-4a10-ba07-9c02080a6a80,TODO
8315ba67-a398-48d7-ab66-a195d1ddac31,[Jumbo] J2265 SM Art,TOKEN_PAID,ASSIGNMENT,cc77dcc7-a639-400f-943b-ccf5c7aec5cf,MOU Draft to be confirmed with the builder,2026-07-21 12:30:00+00,8e1fdcfe-8db6-4e50-a7ab-d820f9b95c96,TODO
8315ba67-a398-48d7-ab66-a195d1ddac31,[Jumbo] J2265 SM Art,TOKEN_PAID,ASSIGNMENT,3987f0ad-980d-4458-8c1e-30580e69d377,MOU draft to be shared on group,2026-07-20 12:30:00+00,8e1fdcfe-8db6-4e50-a7ab-d820f9b95c96,TODO
8315ba67-a398-48d7-ab66-a195d1ddac31,[Jumbo] J2265 SM Art,TOKEN_PAID,ASSIGNMENT,aa426c7d-2b64-4417-b415-e3d7971e944a,MOU Signing,2026-07-25 12:30:00+00,8e1fdcfe-8db6-4e50-a7ab-d820f9b95c96,TODO
8315ba67-a398-48d7-ab66-a195d1ddac31,[Jumbo] J2265 SM Art,TOKEN_PAID,ASSIGNMENT,b000547d-88d6-44f8-b195-f0121723d27b,Penny test to be completed,2026-07-23 12:30:00+00,5cd4520c-52d8-4c98-9cc0-232ae767192b,TODO
8315ba67-a398-48d7-ab66-a195d1ddac31,[Jumbo] J2265 SM Art,TOKEN_PAID,ASSIGNMENT,643e503b-cf9f-43f5-a8d9-b3e960ac60f0,Safebuy Payment Collection,2026-07-10 12:30:00+00,5cd4520c-52d8-4c98-9cc0-232ae767192b,TODO
8315ba67-a398-48d7-ab66-a195d1ddac31,[Jumbo] J2265 SM Art,TOKEN_PAID,ASSIGNMENT,3004509e-c55f-4766-8cbb-03043103435f,Stamp duty + Estamp charges collection,2026-07-25 12:30:00+00,5cd4520c-52d8-4c98-9cc0-232ae767192b,TODO
8315ba67-a398-48d7-ab66-a195d1ddac31,[Jumbo] J2265 SM Art,TOKEN_PAID,ASSIGNMENT,5d98e1de-a6b6-4e05-9a1c-2b557d8a130a,TDS Payment,2026-08-19 12:30:00+00,c744aa41-ef42-4d2c-81af-bda0d71aeeca,TODO
8315ba67-a398-48d7-ab66-a195d1ddac31,[Jumbo] J2265 SM Art,TOKEN_PAID,ASSIGNMENT,79af045c-e1f1-4b01-a356-a155c8e4efc5,Token Payment +Whatsapp Grp Creation,2026-07-09 12:30:00+00,c744aa41-ef42-4d2c-81af-bda0d71aeeca,DONE
8315ba67-a398-48d7-ab66-a195d1ddac31,[Jumbo] J2265 SM Art,TOKEN_PAID,ASSIGNMENT,f694b2d4-5270-455d-b271-6511083c6852,Token Release,2026-07-20 12:30:00+00,5cd4520c-52d8-4c98-9cc0-232ae767192b,TODO
83ffa3b5-e166-4711-99e6-4084352f0906,J-2018 Assetz Bloom And Dell-3BHK,TERM_SHEET_SIGNED,ASSIGNMENT,c254b00f-5c0f-4281-a2af-1325aa7edeec,Assignment Agrement Initiation with the builder,2026-06-30 12:30:00+00,8e1fdcfe-8db6-4e50-a7ab-d820f9b95c96,DONE
83ffa3b5-e166-4711-99e6-4084352f0906,J-2018 Assetz Bloom And Dell-3BHK,TERM_SHEET_SIGNED,ASSIGNMENT,1782a149-3e6f-486f-805a-dd1a5dfe07c4,Assignment Agrement to be signed,2026-07-18 12:30:00+00,8e1fdcfe-8db6-4e50-a7ab-d820f9b95c96,TODO
83ffa3b5-e166-4711-99e6-4084352f0906,J-2018 Assetz Bloom And Dell-3BHK,TERM_SHEET_SIGNED,ASSIGNMENT,7ff353df-4e8b-4201-b593-9d09ac598134,Bank Legal Evaluation,2026-07-04 12:30:00+00,e897ff71-fcc8-4a10-ba07-9c02080a6a80,TODO
83ffa3b5-e166-4711-99e6-4084352f0906,J-2018 Assetz Bloom And Dell-3BHK,TERM_SHEET_SIGNED,ASSIGNMENT,f4185e9e-810f-4bf4-9f3c-57229c6fc91b,Bank Technical Evaluation,2026-07-07 12:30:00+00,e897ff71-fcc8-4a10-ba07-9c02080a6a80,TODO
83ffa3b5-e166-4711-99e6-4084352f0906,J-2018 Assetz Bloom And Dell-3BHK,TERM_SHEET_SIGNED,ASSIGNMENT,ac84a1fe-d6d5-41de-b0f5-9a57b95d3e56,Bank to be selected,2026-06-11 12:30:00+00,5cd4520c-52d8-4c98-9cc0-232ae767192b,DONE
83ffa3b5-e166-4711-99e6-4084352f0906,J-2018 Assetz Bloom And Dell-3BHK,TERM_SHEET_SIGNED,ASSIGNMENT,2ba2def0-4e01-49cb-bdc2-99e4f83a89af,Deal Term Sheet Drafting & Signing,2026-06-08 12:30:00+00,5cd4520c-52d8-4c98-9cc0-232ae767192b,DONE
83ffa3b5-e166-4711-99e6-4084352f0906,J-2018 Assetz Bloom And Dell-3BHK,TERM_SHEET_SIGNED,ASSIGNMENT,538e5614-018b-43d8-8cf0-f510989be29b,Deal Term Sheet Review by Buyer/ Seller,2026-06-16 07:39:00+00,e3fe351e-394d-43fb-af09-6a642b40407c,DONE
83ffa3b5-e166-4711-99e6-4084352f0906,J-2018 Assetz Bloom And Dell-3BHK,TERM_SHEET_SIGNED,ASSIGNMENT,d5377057-3f0a-476f-8aaa-3acc24aafad1,Deal Term sheet Signing,2026-06-17 07:41:00+00,e3fe351e-394d-43fb-af09-6a642b40407c,DONE
83ffa3b5-e166-4711-99e6-4084352f0906,J-2018 Assetz Bloom And Dell-3BHK,TERM_SHEET_SIGNED,ASSIGNMENT,485e1dc6-762d-4f48-b9d9-8c1c15b8e0e9,Docket signing,2026-07-16 12:30:00+00,e897ff71-fcc8-4a10-ba07-9c02080a6a80,TODO
83ffa3b5-e166-4711-99e6-4084352f0906,J-2018 Assetz Bloom And Dell-3BHK,TERM_SHEET_SIGNED,ASSIGNMENT,1e2391ce-f976-4651-a18a-fe13bb1d4166,Estamp Procurement,2026-06-23 12:30:00+00,e897ff71-fcc8-4a10-ba07-9c02080a6a80,TODO
83ffa3b5-e166-4711-99e6-4084352f0906,J-2018 Assetz Bloom And Dell-3BHK,TERM_SHEET_SIGNED,ASSIGNMENT,d77c980d-603e-4b4c-a496-0c2d584d5064,Jumbo Fee Collection from the Seller,2026-06-24 12:30:00+00,5cd4520c-52d8-4c98-9cc0-232ae767192b,TODO
83ffa3b5-e166-4711-99e6-4084352f0906,J-2018 Assetz Bloom And Dell-3BHK,TERM_SHEET_SIGNED,ASSIGNMENT,f0e94c13-4c7b-4509-be83-fa21bde00921,Legal Due Diligence,2026-06-26 06:45:00+00,e3fe351e-394d-43fb-af09-6a642b40407c,DONE
83ffa3b5-e166-4711-99e6-4084352f0906,J-2018 Assetz Bloom And Dell-3BHK,TERM_SHEET_SIGNED,ASSIGNMENT,80540b9b-9847-41f6-b7a6-13a96d281048,Legal Due Diligence to be completed,2026-06-16 12:30:00+00,5cd4520c-52d8-4c98-9cc0-232ae767192b,DONE
83ffa3b5-e166-4711-99e6-4084352f0906,J-2018 Assetz Bloom And Dell-3BHK,TERM_SHEET_SIGNED,ASSIGNMENT,29d1941f-9a81-4cfa-a4f4-3ced5376cbc7,Legal Due Diligence to be initiated,2026-06-09 12:30:00+00,5cd4520c-52d8-4c98-9cc0-232ae767192b,DONE
83ffa3b5-e166-4711-99e6-4084352f0906,J-2018 Assetz Bloom And Dell-3BHK,TERM_SHEET_SIGNED,ASSIGNMENT,354d7198-2158-4c67-b5e3-db507c37aa4e,Loan Disbursement,2026-07-24 12:30:00+00,e897ff71-fcc8-4a10-ba07-9c02080a6a80,TODO
83ffa3b5-e166-4711-99e6-4084352f0906,J-2018 Assetz Bloom And Dell-3BHK,TERM_SHEET_SIGNED,ASSIGNMENT,10f8fe20-167d-4fe3-a8d1-996e2e2e491f,MoU Drafting,2026-06-25 11:41:00+00,8e1fdcfe-8db6-4e50-a7ab-d820f9b95c96,DONE
83ffa3b5-e166-4711-99e6-4084352f0906,J-2018 Assetz Bloom And Dell-3BHK,TERM_SHEET_SIGNED,ASSIGNMENT,3c990a1e-3f72-413f-a262-9e74deef1f2a,MOU Draft to be confirmed with the builder,2026-06-18 12:30:00+00,8e1fdcfe-8db6-4e50-a7ab-d820f9b95c96,DONE
83ffa3b5-e166-4711-99e6-4084352f0906,J-2018 Assetz Bloom And Dell-3BHK,TERM_SHEET_SIGNED,ASSIGNMENT,53c5e0a0-4efb-44fd-bcad-d04b8eb9487b,MOU draft to be shared on group,2026-06-17 12:30:00+00,8e1fdcfe-8db6-4e50-a7ab-d820f9b95c96,DONE
83ffa3b5-e166-4711-99e6-4084352f0906,J-2018 Assetz Bloom And Dell-3BHK,TERM_SHEET_SIGNED,ASSIGNMENT,f5ab77ed-18c8-41a5-bc76-864ca127ec8a,MOU Signing,2026-06-23 12:30:00+00,8e1fdcfe-8db6-4e50-a7ab-d820f9b95c96,DONE
83ffa3b5-e166-4711-99e6-4084352f0906,J-2018 Assetz Bloom And Dell-3BHK,TERM_SHEET_SIGNED,ASSIGNMENT,817d8ecc-d3eb-495d-8334-6ebec283e1bd,Penny Test,2026-06-30 11:42:00+00,e3fe351e-394d-43fb-af09-6a642b40407c,DONE
83ffa3b5-e166-4711-99e6-4084352f0906,J-2018 Assetz Bloom And Dell-3BHK,TERM_SHEET_SIGNED,ASSIGNMENT,74dd4913-d4bf-4a35-bc20-afb8343c5a08,Penny test to be completed,2026-06-20 12:30:00+00,5cd4520c-52d8-4c98-9cc0-232ae767192b,DONE
83ffa3b5-e166-4711-99e6-4084352f0906,J-2018 Assetz Bloom And Dell-3BHK,TERM_SHEET_SIGNED,ASSIGNMENT,f84668ad-c60e-4a44-b3cc-7e5ae73af0df,Prepare Term Sheet,2026-06-13 10:21:00+00,e3fe351e-394d-43fb-af09-6a642b40407c,DONE
83ffa3b5-e166-4711-99e6-4084352f0906,J-2018 Assetz Bloom And Dell-3BHK,TERM_SHEET_SIGNED,ASSIGNMENT,300ac948-cbcf-422b-be05-41c45f8b4632,Safebuy Payment Collection,2026-06-08 12:30:00+00,5cd4520c-52d8-4c98-9cc0-232ae767192b,TODO
83ffa3b5-e166-4711-99e6-4084352f0906,J-2018 Assetz Bloom And Dell-3BHK,TERM_SHEET_SIGNED,ASSIGNMENT,7b53e5b6-1fb7-4706-a899-dafc5e5b1b6c,Stamp duty + Estamp charges collection,2026-06-23 12:30:00+00,5cd4520c-52d8-4c98-9cc0-232ae767192b,TODO
83ffa3b5-e166-4711-99e6-4084352f0906,J-2018 Assetz Bloom And Dell-3BHK,TERM_SHEET_SIGNED,ASSIGNMENT,93c52fee-d008-4838-a1b1-4f7436dfcbe3,TDS Payment,2026-07-31 12:30:00+00,c744aa41-ef42-4d2c-81af-bda0d71aeeca,TODO
83ffa3b5-e166-4711-99e6-4084352f0906,J-2018 Assetz Bloom And Dell-3BHK,TERM_SHEET_SIGNED,ASSIGNMENT,3ce0d3c9-b5d0-4ba9-98f6-e898d00c88ce,Token Payment +Whatsapp Grp Creation,2026-06-07 12:30:00+00,c744aa41-ef42-4d2c-81af-bda0d71aeeca,DONE
83ffa3b5-e166-4711-99e6-4084352f0906,J-2018 Assetz Bloom And Dell-3BHK,TERM_SHEET_SIGNED,ASSIGNMENT,a396d520-28e6-45b4-a99a-c5e324161a2b,Token Release,2026-06-17 12:30:00+00,5cd4520c-52d8-4c98-9cc0-232ae767192b,DONE
8da6c146-14e6-424d-8e18-471c89b2bb03,J-1096 TG Ascent-3BHK,TERM_SHEET_SIGNED,RESALE,a99880e9-9a3b-4ed3-9a2a-8664635a4107,AFS Drafting,2026-06-25 12:07:00+00,8e1fdcfe-8db6-4e50-a7ab-d820f9b95c96,DONE
8da6c146-14e6-424d-8e18-471c89b2bb03,J-1096 TG Ascent-3BHK,TERM_SHEET_SIGNED,RESALE,4b7ecd7b-865b-4970-8a49-aefd304db61f,AFS Draft to be shared,2026-06-20 12:30:00+00,8e1fdcfe-8db6-4e50-a7ab-d820f9b95c96,DONE
8da6c146-14e6-424d-8e18-471c89b2bb03,J-1096 TG Ascent-3BHK,TERM_SHEET_SIGNED,RESALE,78f0967b-dba9-4237-ad07-04ed75e9d8f4,AFS Signing,2026-06-26 12:30:00+00,8e1fdcfe-8db6-4e50-a7ab-d820f9b95c96,TODO
8da6c146-14e6-424d-8e18-471c89b2bb03,J-1096 TG Ascent-3BHK,TERM_SHEET_SIGNED,RESALE,f51c84d4-5d3c-4aca-9100-2dd092b4236d,Bank Legal Evaluation,2026-07-03 12:30:00+00,e897ff71-fcc8-4a10-ba07-9c02080a6a80,TODO
8da6c146-14e6-424d-8e18-471c89b2bb03,J-1096 TG Ascent-3BHK,TERM_SHEET_SIGNED,RESALE,d3a040f8-ed9c-4f8e-9224-311c3375035b,Bank Technical Evaluation,2026-07-08 12:30:00+00,e897ff71-fcc8-4a10-ba07-9c02080a6a80,TODO
8da6c146-14e6-424d-8e18-471c89b2bb03,J-1096 TG Ascent-3BHK,TERM_SHEET_SIGNED,RESALE,b4ddb7fd-f4e1-43ab-88d1-c024d805f723,Bank to be selected,2026-06-15 12:30:00+00,5cd4520c-52d8-4c98-9cc0-232ae767192b,DONE
8da6c146-14e6-424d-8e18-471c89b2bb03,J-1096 TG Ascent-3BHK,TERM_SHEET_SIGNED,RESALE,e54de61c-522d-4f5e-a8b9-e754fde437cd,BESCOM,2026-08-29 12:30:00+00,e897ff71-fcc8-4a10-ba07-9c02080a6a80,TODO
8da6c146-14e6-424d-8e18-471c89b2bb03,J-1096 TG Ascent-3BHK,TERM_SHEET_SIGNED,RESALE,6869446b-6295-4a6e-998e-25f7a68c746a,Deal Term Sheet Drafting & Signing,2026-06-11 12:30:00+00,5cd4520c-52d8-4c98-9cc0-232ae767192b,DONE
8da6c146-14e6-424d-8e18-471c89b2bb03,J-1096 TG Ascent-3BHK,TERM_SHEET_SIGNED,RESALE,ebf055c0-34e7-410b-a6ed-d7d2f06d08f6,Deal term Sheet Signing,2026-06-16 07:25:00+00,e3fe351e-394d-43fb-af09-6a642b40407c,DONE
8da6c146-14e6-424d-8e18-471c89b2bb03,J-1096 TG Ascent-3BHK,TERM_SHEET_SIGNED,RESALE,0867d3ff-fede-46e8-a9c2-a1d5c7e820fe,Docket signing,2026-07-20 12:30:00+00,e897ff71-fcc8-4a10-ba07-9c02080a6a80,TODO
8da6c146-14e6-424d-8e18-471c89b2bb03,J-1096 TG Ascent-3BHK,TERM_SHEET_SIGNED,RESALE,1d8a7a67-c0d7-4733-b60f-267a1af0a02c,E Khata to be checked,2026-06-22 12:10:00+00,e897ff71-fcc8-4a10-ba07-9c02080a6a80,DONE
8da6c146-14e6-424d-8e18-471c89b2bb03,J-1096 TG Ascent-3BHK,TERM_SHEET_SIGNED,RESALE,f6e3fece-cc99-4a9f-a515-ae28ce185cb1,E- khata to be checked if its open,2026-06-11 12:30:00+00,e897ff71-fcc8-4a10-ba07-9c02080a6a80,TODO
8da6c146-14e6-424d-8e18-471c89b2bb03,J-1096 TG Ascent-3BHK,TERM_SHEET_SIGNED,RESALE,d7438278-b403-4521-bff3-d9febdc1c565,E Khata Transfer,2026-08-12 12:30:00+00,e897ff71-fcc8-4a10-ba07-9c02080a6a80,TODO
8da6c146-14e6-424d-8e18-471c89b2bb03,J-1096 TG Ascent-3BHK,TERM_SHEET_SIGNED,RESALE,d2e480fe-ec05-47d2-8975-2c400a53f9cb,Estamp Procurement,2026-06-24 12:30:00+00,e897ff71-fcc8-4a10-ba07-9c02080a6a80,TODO
8da6c146-14e6-424d-8e18-471c89b2bb03,J-1096 TG Ascent-3BHK,TERM_SHEET_SIGNED,RESALE,b47148c5-e54b-476e-81cc-d7f54e3d27fd,Jumbo Fee Collection from the Seller,2026-06-26 12:30:00+00,5cd4520c-52d8-4c98-9cc0-232ae767192b,TODO
8da6c146-14e6-424d-8e18-471c89b2bb03,J-1096 TG Ascent-3BHK,TERM_SHEET_SIGNED,RESALE,0c2e49cb-a798-4256-9968-391cd4509a80,Legal Due Diligence,2026-06-27 07:26:00+00,e3fe351e-394d-43fb-af09-6a642b40407c,DONE
8da6c146-14e6-424d-8e18-471c89b2bb03,J-1096 TG Ascent-3BHK,TERM_SHEET_SIGNED,RESALE,2f3de524-95a8-40ae-8aab-124cb9203a5f,Legal Due Diligence to be completed,2026-06-19 12:30:00+00,5cd4520c-52d8-4c98-9cc0-232ae767192b,DONE
8da6c146-14e6-424d-8e18-471c89b2bb03,J-1096 TG Ascent-3BHK,TERM_SHEET_SIGNED,RESALE,e739da71-4571-4753-9ac6-de9cd38021a0,Legal Due Diligence to be initiated,2026-06-12 12:30:00+00,5cd4520c-52d8-4c98-9cc0-232ae767192b,DONE
8da6c146-14e6-424d-8e18-471c89b2bb03,J-1096 TG Ascent-3BHK,TERM_SHEET_SIGNED,RESALE,64c001b0-3222-466a-a401-076837273724,ODV,2026-07-14 12:30:00+00,e897ff71-fcc8-4a10-ba07-9c02080a6a80,TODO
8da6c146-14e6-424d-8e18-471c89b2bb03,J-1096 TG Ascent-3BHK,TERM_SHEET_SIGNED,RESALE,ba7ac9c4-2bc5-49e3-a6e1-fc0a256ac662,Penny Test,2026-06-27 12:10:00+00,e3fe351e-394d-43fb-af09-6a642b40407c,DONE
8da6c146-14e6-424d-8e18-471c89b2bb03,J-1096 TG Ascent-3BHK,TERM_SHEET_SIGNED,RESALE,17150cee-d36e-4844-8b93-9ae1a1c85f5b,Penny test to be completed,2026-06-22 12:30:00+00,5cd4520c-52d8-4c98-9cc0-232ae767192b,DONE
8da6c146-14e6-424d-8e18-471c89b2bb03,J-1096 TG Ascent-3BHK,TERM_SHEET_SIGNED,RESALE,b6a410b6-6234-4f9b-92fc-dee5380202a8,Property Tax Name Change,2026-08-13 12:30:00+00,e897ff71-fcc8-4a10-ba07-9c02080a6a80,TODO
8da6c146-14e6-424d-8e18-471c89b2bb03,J-1096 TG Ascent-3BHK,TERM_SHEET_SIGNED,RESALE,e632ac6e-d01b-421a-96f1-a630b9c5dce0,Safebuy Payment Collection,2026-06-11 12:30:00+00,5cd4520c-52d8-4c98-9cc0-232ae767192b,TODO
8da6c146-14e6-424d-8e18-471c89b2bb03,J-1096 TG Ascent-3BHK,TERM_SHEET_SIGNED,RESALE,703f4723-e513-4053-9330-f9e9b9ab3483,Sale deed Registration,2026-07-25 12:30:00+00,e897ff71-fcc8-4a10-ba07-9c02080a6a80,TODO
8da6c146-14e6-424d-8e18-471c89b2bb03,J-1096 TG Ascent-3BHK,TERM_SHEET_SIGNED,RESALE,ac6471ed-5ec2-44fe-a2a6-eb725ed20e42,Sale deed to be shared on group,2026-06-27 12:30:00+00,8e1fdcfe-8db6-4e50-a7ab-d820f9b95c96,TODO
8da6c146-14e6-424d-8e18-471c89b2bb03,J-1096 TG Ascent-3BHK,TERM_SHEET_SIGNED,RESALE,3644fcf9-5ff6-40ce-9d4e-69cf1db5d2c5,SRO Slot booking,2026-07-22 12:30:00+00,e897ff71-fcc8-4a10-ba07-9c02080a6a80,TODO
8da6c146-14e6-424d-8e18-471c89b2bb03,J-1096 TG Ascent-3BHK,TERM_SHEET_SIGNED,RESALE,b3786b4b-85ff-484f-9f5d-ee149bf583cb,Stamp duty + Estamp charges collection,2026-06-24 12:30:00+00,5cd4520c-52d8-4c98-9cc0-232ae767192b,TODO
8da6c146-14e6-424d-8e18-471c89b2bb03,J-1096 TG Ascent-3BHK,TERM_SHEET_SIGNED,RESALE,8210def8-7757-492a-9383-2c70c75e25f1,TDS Payment,2026-07-21 12:30:00+00,c744aa41-ef42-4d2c-81af-bda0d71aeeca,TODO
8da6c146-14e6-424d-8e18-471c89b2bb03,J-1096 TG Ascent-3BHK,TERM_SHEET_SIGNED,RESALE,bb54ff56-54a4-43bb-b704-3ef8c397383c,Token Payment +Whatsapp Grp Creation,2026-06-10 12:30:00+00,c744aa41-ef42-4d2c-81af-bda0d71aeeca,DONE
8da6c146-14e6-424d-8e18-471c89b2bb03,J-1096 TG Ascent-3BHK,TERM_SHEET_SIGNED,RESALE,e2c5cc3c-9b53-445b-8c4c-fd3475404555,Token Release,2026-06-20 12:30:00+00,5cd4520c-52d8-4c98-9cc0-232ae767192b,DONE
9b1e069e-62e7-475b-a6a0-45cd48821074,[Jumbo] J1681 Vrushabadri willows,TOKEN_PAID,RESALE,585244af-3e40-439c-a15c-19d28fc5d1a6,AFS Draft to be shared,2026-07-14 12:30:00+00,8e1fdcfe-8db6-4e50-a7ab-d820f9b95c96,TODO
9b1e069e-62e7-475b-a6a0-45cd48821074,[Jumbo] J1681 Vrushabadri willows,TOKEN_PAID,RESALE,0acdeed4-e895-4b5c-bb10-0ec61a28fab6,AFS Signing,2026-07-20 12:30:00+00,8e1fdcfe-8db6-4e50-a7ab-d820f9b95c96,TODO
9b1e069e-62e7-475b-a6a0-45cd48821074,[Jumbo] J1681 Vrushabadri willows,TOKEN_PAID,RESALE,076a4602-cd7a-4917-bff1-fb0b0f164194,Bank Legal Evaluation,2026-07-27 12:30:00+00,e897ff71-fcc8-4a10-ba07-9c02080a6a80,TODO
9b1e069e-62e7-475b-a6a0-45cd48821074,[Jumbo] J1681 Vrushabadri willows,TOKEN_PAID,RESALE,ff485a65-2249-4bc5-bc71-b30e3690402f,Bank Technical Evaluation,2026-07-31 12:30:00+00,e897ff71-fcc8-4a10-ba07-9c02080a6a80,TODO
9b1e069e-62e7-475b-a6a0-45cd48821074,[Jumbo] J1681 Vrushabadri willows,TOKEN_PAID,RESALE,f427d944-6ef9-4639-bb90-99aba2e8c987,Bank to be selected,2026-07-08 12:30:00+00,5cd4520c-52d8-4c98-9cc0-232ae767192b,TODO
9b1e069e-62e7-475b-a6a0-45cd48821074,[Jumbo] J1681 Vrushabadri willows,TOKEN_PAID,RESALE,526f564f-709f-4337-9240-f64260f209da,BESCOM,2026-09-22 12:30:00+00,e897ff71-fcc8-4a10-ba07-9c02080a6a80,TODO
9b1e069e-62e7-475b-a6a0-45cd48821074,[Jumbo] J1681 Vrushabadri willows,TOKEN_PAID,RESALE,5843e14d-5b38-410f-af23-c608b759434b,Deal Term Sheet Drafting & Signing,2026-07-04 12:30:00+00,5cd4520c-52d8-4c98-9cc0-232ae767192b,TODO
9b1e069e-62e7-475b-a6a0-45cd48821074,[Jumbo] J1681 Vrushabadri willows,TOKEN_PAID,RESALE,6fa861c9-549f-405c-a21b-20d4031e99f2,Docket signing,2026-08-12 12:30:00+00,e897ff71-fcc8-4a10-ba07-9c02080a6a80,TODO
9b1e069e-62e7-475b-a6a0-45cd48821074,[Jumbo] J1681 Vrushabadri willows,TOKEN_PAID,RESALE,e5c24449-3b6b-406f-ba44-0670287ac6ac,E- khata to be checked if its open,2026-07-04 12:30:00+00,e897ff71-fcc8-4a10-ba07-9c02080a6a80,TODO
9b1e069e-62e7-475b-a6a0-45cd48821074,[Jumbo] J1681 Vrushabadri willows,TOKEN_PAID,RESALE,85fa3be4-9816-4b20-bf93-c72561e86b95,E Khata Transfer,2026-09-04 12:30:00+00,e897ff71-fcc8-4a10-ba07-9c02080a6a80,TODO
9b1e069e-62e7-475b-a6a0-45cd48821074,[Jumbo] J1681 Vrushabadri willows,TOKEN_PAID,RESALE,4cd902d4-ee48-4442-9282-761ee0b13961,Estamp Procurement,2026-07-17 12:30:00+00,e897ff71-fcc8-4a10-ba07-9c02080a6a80,TODO
9b1e069e-62e7-475b-a6a0-45cd48821074,[Jumbo] J1681 Vrushabadri willows,TOKEN_PAID,RESALE,3ad8aecd-cb55-485d-ab95-e33819109691,Jumbo Fee Collection from the Seller,2026-07-20 12:30:00+00,5cd4520c-52d8-4c98-9cc0-232ae767192b,TODO
9b1e069e-62e7-475b-a6a0-45cd48821074,[Jumbo] J1681 Vrushabadri willows,TOKEN_PAID,RESALE,490e89ed-d57c-4aff-ae0f-90c909dcc187,Legal Due Diligence to be completed,2026-07-13 12:30:00+00,5cd4520c-52d8-4c98-9cc0-232ae767192b,TODO
9b1e069e-62e7-475b-a6a0-45cd48821074,[Jumbo] J1681 Vrushabadri willows,TOKEN_PAID,RESALE,dcc07eb0-3595-4629-b623-479be92a3117,Legal Due Diligence to be initiated,2026-07-06 12:30:00+00,5cd4520c-52d8-4c98-9cc0-232ae767192b,TODO
9b1e069e-62e7-475b-a6a0-45cd48821074,[Jumbo] J1681 Vrushabadri willows,TOKEN_PAID,RESALE,25ca6fc0-063d-4940-88e3-94c539487140,ODV,2026-08-06 12:30:00+00,e897ff71-fcc8-4a10-ba07-9c02080a6a80,TODO
9b1e069e-62e7-475b-a6a0-45cd48821074,[Jumbo] J1681 Vrushabadri willows,TOKEN_PAID,RESALE,4517ea9f-909d-4265-acbe-12f6fc430ffa,Penny test to be completed,2026-07-15 12:30:00+00,5cd4520c-52d8-4c98-9cc0-232ae767192b,TODO
9b1e069e-62e7-475b-a6a0-45cd48821074,[Jumbo] J1681 Vrushabadri willows,TOKEN_PAID,RESALE,8152392f-7398-4aa0-aeb6-c81cbac0710e,Property Tax Name Change,2026-09-05 12:30:00+00,e897ff71-fcc8-4a10-ba07-9c02080a6a80,TODO
9b1e069e-62e7-475b-a6a0-45cd48821074,[Jumbo] J1681 Vrushabadri willows,TOKEN_PAID,RESALE,a378c707-45ae-4365-b816-eab0b6126ebd,Safebuy Payment Collection,2026-07-04 12:30:00+00,5cd4520c-52d8-4c98-9cc0-232ae767192b,TODO
9b1e069e-62e7-475b-a6a0-45cd48821074,[Jumbo] J1681 Vrushabadri willows,TOKEN_PAID,RESALE,4ee8e239-b9d5-4ba7-803f-8e6b65a97be2,Sale deed Registration,2026-08-18 12:30:00+00,e897ff71-fcc8-4a10-ba07-9c02080a6a80,TODO
9b1e069e-62e7-475b-a6a0-45cd48821074,[Jumbo] J1681 Vrushabadri willows,TOKEN_PAID,RESALE,b240fcfa-d180-4ae7-94fe-f500a0fc2f5d,Sale deed to be shared on group,2026-07-21 12:30:00+00,8e1fdcfe-8db6-4e50-a7ab-d820f9b95c96,TODO
9b1e069e-62e7-475b-a6a0-45cd48821074,[Jumbo] J1681 Vrushabadri willows,TOKEN_PAID,RESALE,d7965cd1-34ce-487f-8dc7-f6644080fcb6,SRO Slot booking,2026-08-14 12:30:00+00,e897ff71-fcc8-4a10-ba07-9c02080a6a80,TODO
9b1e069e-62e7-475b-a6a0-45cd48821074,[Jumbo] J1681 Vrushabadri willows,TOKEN_PAID,RESALE,14479291-529e-46dc-8c76-ed37d17e419d,Stamp duty + Estamp charges collection,2026-07-17 12:30:00+00,5cd4520c-52d8-4c98-9cc0-232ae767192b,TODO
9b1e069e-62e7-475b-a6a0-45cd48821074,[Jumbo] J1681 Vrushabadri willows,TOKEN_PAID,RESALE,5baab328-62c1-4f88-8899-f5791f645464,TDS Payment,2026-08-13 12:30:00+00,c744aa41-ef42-4d2c-81af-bda0d71aeeca,TODO
9b1e069e-62e7-475b-a6a0-45cd48821074,[Jumbo] J1681 Vrushabadri willows,TOKEN_PAID,RESALE,1bfa3eb2-e5bb-4f5f-9b2e-d44b5ca42978,Token Payment +Whatsapp Grp Creation,2026-07-03 12:30:00+00,c744aa41-ef42-4d2c-81af-bda0d71aeeca,DONE
9b1e069e-62e7-475b-a6a0-45cd48821074,[Jumbo] J1681 Vrushabadri willows,TOKEN_PAID,RESALE,9f256fb8-c83f-4df6-b8a1-ac0a48d74d42,Token Release,2026-07-14 12:30:00+00,5cd4520c-52d8-4c98-9cc0-232ae767192b,TODO
9f0ac941-96c3-48fe-b2b2-6b6146198724,Godrej Splendor H2304,TERM_SHEET_SIGNED,ASSIGNMENT,3be79363-ba10-4afe-983c-b505ed912222,Assignment Agrement Initiation with the builder,2026-07-24 12:30:00+00,8e1fdcfe-8db6-4e50-a7ab-d820f9b95c96,IN_PROGRESS
9f0ac941-96c3-48fe-b2b2-6b6146198724,Godrej Splendor H2304,TERM_SHEET_SIGNED,ASSIGNMENT,6e1029b3-61fc-451c-9493-442d036cb343,Assignment Agrement to be signed,2026-08-12 12:30:00+00,8e1fdcfe-8db6-4e50-a7ab-d820f9b95c96,IN_PROGRESS
9f0ac941-96c3-48fe-b2b2-6b6146198724,Godrej Splendor H2304,TERM_SHEET_SIGNED,ASSIGNMENT,f37e60f5-544e-4e18-ab47-499baaa9a99c,Bank Legal Evaluation,2026-07-29 12:30:00+00,e897ff71-fcc8-4a10-ba07-9c02080a6a80,TODO
9f0ac941-96c3-48fe-b2b2-6b6146198724,Godrej Splendor H2304,TERM_SHEET_SIGNED,ASSIGNMENT,cb6090a8-de56-4b42-a935-62ca0aee6bb1,Bank Technical Evaluation,2026-07-31 12:30:00+00,e897ff71-fcc8-4a10-ba07-9c02080a6a80,TODO
9f0ac941-96c3-48fe-b2b2-6b6146198724,Godrej Splendor H2304,TERM_SHEET_SIGNED,ASSIGNMENT,e2a58a46-9a1d-4e94-ae78-b363406faad6,Bank to be selected,2026-07-06 12:30:00+00,5cd4520c-52d8-4c98-9cc0-232ae767192b,TODO
9f0ac941-96c3-48fe-b2b2-6b6146198724,Godrej Splendor H2304,TERM_SHEET_SIGNED,ASSIGNMENT,b8f078eb-3433-4693-86c4-cc80b2d71d99,Deal Term Sheet Drafting & Signing,2026-07-02 12:30:00+00,5cd4520c-52d8-4c98-9cc0-232ae767192b,TODO
9f0ac941-96c3-48fe-b2b2-6b6146198724,Godrej Splendor H2304,TERM_SHEET_SIGNED,ASSIGNMENT,339a6556-2ad2-4ac1-a96a-d5ff1d7b42a0,Deal Term Sheet Signing,2026-07-04 09:40:00+00,e3fe351e-394d-43fb-af09-6a642b40407c,DONE
9f0ac941-96c3-48fe-b2b2-6b6146198724,Godrej Splendor H2304,TERM_SHEET_SIGNED,ASSIGNMENT,b66958b7-f058-4177-83c7-014a1c1b5398,Docket signing,2026-08-10 12:30:00+00,e897ff71-fcc8-4a10-ba07-9c02080a6a80,TODO
9f0ac941-96c3-48fe-b2b2-6b6146198724,Godrej Splendor H2304,TERM_SHEET_SIGNED,ASSIGNMENT,98e36f10-0dd3-4d83-9548-033715eca8d9,Estamp Procurement,2026-07-17 12:30:00+00,e897ff71-fcc8-4a10-ba07-9c02080a6a80,TODO
9f0ac941-96c3-48fe-b2b2-6b6146198724,Godrej Splendor H2304,TERM_SHEET_SIGNED,ASSIGNMENT,867dd481-cc8c-44ab-9f4c-499e8d9518d0,Jumbo Fee Collection from the Seller,2026-07-18 12:30:00+00,5cd4520c-52d8-4c98-9cc0-232ae767192b,TODO
9f0ac941-96c3-48fe-b2b2-6b6146198724,Godrej Splendor H2304,TERM_SHEET_SIGNED,ASSIGNMENT,d4cb248f-8a0c-4d86-951f-0425503a3904,Legal Due Diligence to be completed,2026-07-10 12:30:00+00,5cd4520c-52d8-4c98-9cc0-232ae767192b,TODO
9f0ac941-96c3-48fe-b2b2-6b6146198724,Godrej Splendor H2304,TERM_SHEET_SIGNED,ASSIGNMENT,41f5dfdd-9b96-4a8b-9a52-0343c191eca0,Legal Due Diligence to be initiated,2026-07-03 12:30:00+00,5cd4520c-52d8-4c98-9cc0-232ae767192b,TODO
9f0ac941-96c3-48fe-b2b2-6b6146198724,Godrej Splendor H2304,TERM_SHEET_SIGNED,ASSIGNMENT,935f36b2-a762-46de-ade3-daad78a5b0bb,Loan Disbursement,2026-08-18 12:30:00+00,e897ff71-fcc8-4a10-ba07-9c02080a6a80,TODO
9f0ac941-96c3-48fe-b2b2-6b6146198724,Godrej Splendor H2304,TERM_SHEET_SIGNED,ASSIGNMENT,8968bd1e-12d7-435a-a412-558d6fbda94f,MOU Draft to be confirmed with the builder,2026-07-13 12:30:00+00,8e1fdcfe-8db6-4e50-a7ab-d820f9b95c96,TODO
9f0ac941-96c3-48fe-b2b2-6b6146198724,Godrej Splendor H2304,TERM_SHEET_SIGNED,ASSIGNMENT,c31794bf-847e-449e-ab0d-b138b0d82f63,MOU draft to be shared on group,2026-07-11 12:30:00+00,8e1fdcfe-8db6-4e50-a7ab-d820f9b95c96,TODO
9f0ac941-96c3-48fe-b2b2-6b6146198724,Godrej Splendor H2304,TERM_SHEET_SIGNED,ASSIGNMENT,255f49a1-a198-4515-b164-d590dd72d754,MOU Signing,2026-07-17 12:30:00+00,8e1fdcfe-8db6-4e50-a7ab-d820f9b95c96,TODO
9f0ac941-96c3-48fe-b2b2-6b6146198724,Godrej Splendor H2304,TERM_SHEET_SIGNED,ASSIGNMENT,f3657b8d-26a3-4070-8bb9-3d77c1e790b5,Penny test to be completed,2026-07-15 12:30:00+00,5cd4520c-52d8-4c98-9cc0-232ae767192b,TODO
9f0ac941-96c3-48fe-b2b2-6b6146198724,Godrej Splendor H2304,TERM_SHEET_SIGNED,ASSIGNMENT,99fd112a-4601-42f5-8098-553607930382,Safebuy Payment Collection,2026-07-02 12:30:00+00,5cd4520c-52d8-4c98-9cc0-232ae767192b,TODO
9f0ac941-96c3-48fe-b2b2-6b6146198724,Godrej Splendor H2304,TERM_SHEET_SIGNED,ASSIGNMENT,574166fb-4b88-4ed0-9bed-6352e448644f,Stamp duty + Estamp charges collection,2026-07-17 12:30:00+00,5cd4520c-52d8-4c98-9cc0-232ae767192b,TODO
9f0ac941-96c3-48fe-b2b2-6b6146198724,Godrej Splendor H2304,TERM_SHEET_SIGNED,ASSIGNMENT,c0c1100a-6af3-4307-962d-c46075c41881,TDS Payment,2026-08-11 12:30:00+00,c744aa41-ef42-4d2c-81af-bda0d71aeeca,TODO
9f0ac941-96c3-48fe-b2b2-6b6146198724,Godrej Splendor H2304,TERM_SHEET_SIGNED,ASSIGNMENT,33a2bae5-fade-4747-be1f-e12bd1056f4d,Token Payment +Whatsapp Grp Creation,2026-07-01 12:30:00+00,c744aa41-ef42-4d2c-81af-bda0d71aeeca,DONE
9f0ac941-96c3-48fe-b2b2-6b6146198724,Godrej Splendor H2304,TERM_SHEET_SIGNED,ASSIGNMENT,07aca6af-ae0e-4daa-80bd-f5dc139b1fa6,Token Release,2026-07-11 12:30:00+00,5cd4520c-52d8-4c98-9cc0-232ae767192b,TODO
acb8e9c7-0ba8-4630-bb30-2b85db455767,[Jumbo] J2107 - Wonderwall By Bricks and Milestone,AFS_MOU_SIGNED,RESALE,af36eed2-bfbc-45da-acd6-4873ad4167a4,AFS Draft to be shared,2026-07-11 12:30:00+00,8e1fdcfe-8db6-4e50-a7ab-d820f9b95c96,IN_PROGRESS
acb8e9c7-0ba8-4630-bb30-2b85db455767,[Jumbo] J2107 - Wonderwall By Bricks and Milestone,AFS_MOU_SIGNED,RESALE,4ac803a3-eac8-4352-919d-1900274df2e6,AFS Signing,2026-07-17 12:30:00+00,8e1fdcfe-8db6-4e50-a7ab-d820f9b95c96,IN_PROGRESS
acb8e9c7-0ba8-4630-bb30-2b85db455767,[Jumbo] J2107 - Wonderwall By Bricks and Milestone,AFS_MOU_SIGNED,RESALE,ac50d899-4e3d-421f-bfca-3e8c52f97342,Bank Legal Evaluation,2026-07-24 12:30:00+00,e897ff71-fcc8-4a10-ba07-9c02080a6a80,TODO
acb8e9c7-0ba8-4630-bb30-2b85db455767,[Jumbo] J2107 - Wonderwall By Bricks and Milestone,AFS_MOU_SIGNED,RESALE,4947cd24-c30d-45aa-94d4-56bc91847353,Bank Technical Evaluation,2026-07-29 12:30:00+00,e897ff71-fcc8-4a10-ba07-9c02080a6a80,TODO
acb8e9c7-0ba8-4630-bb30-2b85db455767,[Jumbo] J2107 - Wonderwall By Bricks and Milestone,AFS_MOU_SIGNED,RESALE,1a0bffdc-1fd0-4acd-8fcd-2f7c237a0dc1,Bank to be selected,2026-07-06 12:30:00+00,5cd4520c-52d8-4c98-9cc0-232ae767192b,TODO
acb8e9c7-0ba8-4630-bb30-2b85db455767,[Jumbo] J2107 - Wonderwall By Bricks and Milestone,AFS_MOU_SIGNED,RESALE,1b59a4a4-4883-420e-8ce6-337a5cf31f36,BESCOM,2026-09-19 12:30:00+00,e897ff71-fcc8-4a10-ba07-9c02080a6a80,TODO
acb8e9c7-0ba8-4630-bb30-2b85db455767,[Jumbo] J2107 - Wonderwall By Bricks and Milestone,AFS_MOU_SIGNED,RESALE,b24b1f39-7c95-4d5f-bbad-8352e4faeada,Deal Term Sheet Drafting & Signing,2026-07-02 12:30:00+00,5cd4520c-52d8-4c98-9cc0-232ae767192b,TODO
acb8e9c7-0ba8-4630-bb30-2b85db455767,[Jumbo] J2107 - Wonderwall By Bricks and Milestone,AFS_MOU_SIGNED,RESALE,dbfe507b-d2d9-4465-bd68-567a9319a355,Deal Term Sheet signing,2026-07-03 06:14:00+00,e3fe351e-394d-43fb-af09-6a642b40407c,DONE
acb8e9c7-0ba8-4630-bb30-2b85db455767,[Jumbo] J2107 - Wonderwall By Bricks and Milestone,AFS_MOU_SIGNED,RESALE,35cd9194-6f81-4292-aee5-2966be9a71d5,Docket signing,2026-08-10 12:30:00+00,e897ff71-fcc8-4a10-ba07-9c02080a6a80,TODO
acb8e9c7-0ba8-4630-bb30-2b85db455767,[Jumbo] J2107 - Wonderwall By Bricks and Milestone,AFS_MOU_SIGNED,RESALE,89f849cc-fe91-43bc-a449-3a94b71de22c,E- khata to be checked if its open,2026-07-02 12:30:00+00,e897ff71-fcc8-4a10-ba07-9c02080a6a80,TODO
acb8e9c7-0ba8-4630-bb30-2b85db455767,[Jumbo] J2107 - Wonderwall By Bricks and Milestone,AFS_MOU_SIGNED,RESALE,021e5210-8207-4ae2-924d-aedc10df7e64,E Khata Transfer,2026-09-02 12:30:00+00,e897ff71-fcc8-4a10-ba07-9c02080a6a80,TODO
acb8e9c7-0ba8-4630-bb30-2b85db455767,[Jumbo] J2107 - Wonderwall By Bricks and Milestone,AFS_MOU_SIGNED,RESALE,dfa06064-1c2f-4822-81e4-ef89ea65f24e,Estamp Procurement,2026-07-15 12:30:00+00,e897ff71-fcc8-4a10-ba07-9c02080a6a80,TODO
acb8e9c7-0ba8-4630-bb30-2b85db455767,[Jumbo] J2107 - Wonderwall By Bricks and Milestone,AFS_MOU_SIGNED,RESALE,c1351d2d-87db-463e-a76b-f0eb19770877,Jumbo Fee Collection from the Seller,2026-07-17 12:30:00+00,5cd4520c-52d8-4c98-9cc0-232ae767192b,TODO
acb8e9c7-0ba8-4630-bb30-2b85db455767,[Jumbo] J2107 - Wonderwall By Bricks and Milestone,AFS_MOU_SIGNED,RESALE,d99b28e2-c2cf-4a53-acfe-37fa9c9b757e,Legal due diligence,2026-07-10 06:14:00+00,e3fe351e-394d-43fb-af09-6a642b40407c,DONE
acb8e9c7-0ba8-4630-bb30-2b85db455767,[Jumbo] J2107 - Wonderwall By Bricks and Milestone,AFS_MOU_SIGNED,RESALE,1504a62b-15b9-45dc-9053-e199d6571ac3,Legal Due Diligence to be completed,2026-07-10 12:30:00+00,5cd4520c-52d8-4c98-9cc0-232ae767192b,TODO
acb8e9c7-0ba8-4630-bb30-2b85db455767,[Jumbo] J2107 - Wonderwall By Bricks and Milestone,AFS_MOU_SIGNED,RESALE,062a3451-5d9e-43d2-a4db-a80b8fd7e868,Legal Due Diligence to be initiated,2026-07-03 12:30:00+00,5cd4520c-52d8-4c98-9cc0-232ae767192b,TODO
acb8e9c7-0ba8-4630-bb30-2b85db455767,[Jumbo] J2107 - Wonderwall By Bricks and Milestone,AFS_MOU_SIGNED,RESALE,85d05bd0-a9a4-4c95-a9d8-72320f98d3de,ODV,2026-08-04 12:30:00+00,e897ff71-fcc8-4a10-ba07-9c02080a6a80,TODO
acb8e9c7-0ba8-4630-bb30-2b85db455767,[Jumbo] J2107 - Wonderwall By Bricks and Milestone,AFS_MOU_SIGNED,RESALE,d445b253-6b19-48ab-a351-e881a0bce54e,Penny test to be completed,2026-07-13 12:30:00+00,5cd4520c-52d8-4c98-9cc0-232ae767192b,TODO
acb8e9c7-0ba8-4630-bb30-2b85db455767,[Jumbo] J2107 - Wonderwall By Bricks and Milestone,AFS_MOU_SIGNED,RESALE,c838c5ba-5892-4f41-9c11-b8853b26badc,Property Tax Name Change,2026-09-03 12:30:00+00,e897ff71-fcc8-4a10-ba07-9c02080a6a80,TODO
acb8e9c7-0ba8-4630-bb30-2b85db455767,[Jumbo] J2107 - Wonderwall By Bricks and Milestone,AFS_MOU_SIGNED,RESALE,2da46087-053c-48c8-909a-b598e1b407c1,Safebuy Payment Collection,2026-07-02 12:30:00+00,5cd4520c-52d8-4c98-9cc0-232ae767192b,TODO
acb8e9c7-0ba8-4630-bb30-2b85db455767,[Jumbo] J2107 - Wonderwall By Bricks and Milestone,AFS_MOU_SIGNED,RESALE,41a99693-f3e9-446d-b45e-2561e8f9828b,Sale deed Registration,2026-08-15 12:30:00+00,e897ff71-fcc8-4a10-ba07-9c02080a6a80,TODO
acb8e9c7-0ba8-4630-bb30-2b85db455767,[Jumbo] J2107 - Wonderwall By Bricks and Milestone,AFS_MOU_SIGNED,RESALE,66c0553c-4a36-42a4-b740-f1786e5059f8,Sale deed to be shared on group,2026-07-18 12:30:00+00,8e1fdcfe-8db6-4e50-a7ab-d820f9b95c96,IN_PROGRESS
acb8e9c7-0ba8-4630-bb30-2b85db455767,[Jumbo] J2107 - Wonderwall By Bricks and Milestone,AFS_MOU_SIGNED,RESALE,e4db866e-67b9-432f-a62b-01cac91231a7,SRO Slot booking,2026-08-12 12:30:00+00,e897ff71-fcc8-4a10-ba07-9c02080a6a80,TODO
acb8e9c7-0ba8-4630-bb30-2b85db455767,[Jumbo] J2107 - Wonderwall By Bricks and Milestone,AFS_MOU_SIGNED,RESALE,f2f9473d-c169-42a7-acee-9e34b85b7110,Stamp duty + Estamp charges collection,2026-07-15 12:30:00+00,5cd4520c-52d8-4c98-9cc0-232ae767192b,TODO
acb8e9c7-0ba8-4630-bb30-2b85db455767,[Jumbo] J2107 - Wonderwall By Bricks and Milestone,AFS_MOU_SIGNED,RESALE,577d8eff-b5cb-4f92-9dbe-6bb25f8114e3,TDS Payment,2026-07-29 12:30:00+00,c744aa41-ef42-4d2c-81af-bda0d71aeeca,TODO
acb8e9c7-0ba8-4630-bb30-2b85db455767,[Jumbo] J2107 - Wonderwall By Bricks and Milestone,AFS_MOU_SIGNED,RESALE,cc4be274-b950-46a1-a85a-0e4676f846fc,Token money release,,5cd4520c-52d8-4c98-9cc0-232ae767192b,DONE
acb8e9c7-0ba8-4630-bb30-2b85db455767,[Jumbo] J2107 - Wonderwall By Bricks and Milestone,AFS_MOU_SIGNED,RESALE,9dd1e512-bebd-452c-9816-b83ea1b3ae2f,Token Payment +Whatsapp Grp Creation,2026-07-01 12:30:00+00,c744aa41-ef42-4d2c-81af-bda0d71aeeca,DONE
acb8e9c7-0ba8-4630-bb30-2b85db455767,[Jumbo] J2107 - Wonderwall By Bricks and Milestone,AFS_MOU_SIGNED,RESALE,8a327f38-5bdd-4aef-9f3d-86be03fd9690,Token Release,2026-07-11 12:30:00+00,5cd4520c-52d8-4c98-9cc0-232ae767192b,TODO
b633bf6b-a895-4354-9042-9d006b9eeeab,[Jumbo] J441 Godrej Splendour,TOKEN_PAID,ASSIGNMENT,ae116594-7fcc-4d23-a1c0-94fe983cca9e,Assignment Agrement Initiation with the builder,2026-08-13 12:30:00+00,8e1fdcfe-8db6-4e50-a7ab-d820f9b95c96,TODO
b633bf6b-a895-4354-9042-9d006b9eeeab,[Jumbo] J441 Godrej Splendour,TOKEN_PAID,ASSIGNMENT,26d544b2-94dc-41d8-90d1-954d3bdda508,Assignment Agrement to be signed,2026-08-26 12:30:00+00,8e1fdcfe-8db6-4e50-a7ab-d820f9b95c96,TODO
b633bf6b-a895-4354-9042-9d006b9eeeab,[Jumbo] J441 Godrej Splendour,TOKEN_PAID,ASSIGNMENT,d9a6a3cb-285c-4b38-882e-563d67dd88c3,Bank Legal Evaluation,2026-08-19 12:30:00+00,5cd4520c-52d8-4c98-9cc0-232ae767192b,TODO
b633bf6b-a895-4354-9042-9d006b9eeeab,[Jumbo] J441 Godrej Splendour,TOKEN_PAID,ASSIGNMENT,20b2f120-c8d2-41a9-be2a-fa3d9908739d,Bank Technical Evaluation,2026-08-21 12:30:00+00,5cd4520c-52d8-4c98-9cc0-232ae767192b,TODO
b633bf6b-a895-4354-9042-9d006b9eeeab,[Jumbo] J441 Godrej Splendour,TOKEN_PAID,ASSIGNMENT,8c107bff-5a11-4b43-923f-f592113d5c4d,Bank to be selected,2026-07-20 12:30:00+00,5cd4520c-52d8-4c98-9cc0-232ae767192b,TODO
b633bf6b-a895-4354-9042-9d006b9eeeab,[Jumbo] J441 Godrej Splendour,TOKEN_PAID,ASSIGNMENT,4d11166e-6347-4c0b-a6fe-83a4bfe8ec59,Deal Term Sheet Drafting & Signing,2026-07-16 12:30:00+00,5cd4520c-52d8-4c98-9cc0-232ae767192b,TODO
b633bf6b-a895-4354-9042-9d006b9eeeab,[Jumbo] J441 Godrej Splendour,TOKEN_PAID,ASSIGNMENT,dd1be1d6-39c2-4fd0-a1c0-cfa90d20411f,Docket signing,2026-08-24 12:30:00+00,e897ff71-fcc8-4a10-ba07-9c02080a6a80,TODO
b633bf6b-a895-4354-9042-9d006b9eeeab,[Jumbo] J441 Godrej Splendour,TOKEN_PAID,ASSIGNMENT,18954faa-2e81-4fd7-a7ba-a8d0ea6896b9,Estamp Procurement,2026-07-31 12:30:00+00,e897ff71-fcc8-4a10-ba07-9c02080a6a80,TODO
b633bf6b-a895-4354-9042-9d006b9eeeab,[Jumbo] J441 Godrej Splendour,TOKEN_PAID,ASSIGNMENT,71bb6707-251b-436b-a9ec-45ca2d4b9647,Jumbo Fee Collection from the Seller,2026-08-01 12:30:00+00,5cd4520c-52d8-4c98-9cc0-232ae767192b,TODO
b633bf6b-a895-4354-9042-9d006b9eeeab,[Jumbo] J441 Godrej Splendour,TOKEN_PAID,ASSIGNMENT,94a87634-f2cc-4746-87ab-48e1fd8652e6,Legal Due Diligence to be completed,2026-07-24 12:30:00+00,5cd4520c-52d8-4c98-9cc0-232ae767192b,TODO
b633bf6b-a895-4354-9042-9d006b9eeeab,[Jumbo] J441 Godrej Splendour,TOKEN_PAID,ASSIGNMENT,fc743588-a3e2-4135-91f4-d2871cde7d57,Legal Due Diligence to be initiated,2026-07-17 12:30:00+00,5cd4520c-52d8-4c98-9cc0-232ae767192b,TODO
b633bf6b-a895-4354-9042-9d006b9eeeab,[Jumbo] J441 Godrej Splendour,TOKEN_PAID,ASSIGNMENT,c02810eb-876e-4bfb-95b7-f1aa4e1be2f9,Loan Disbursement,2026-09-01 12:30:00+00,e897ff71-fcc8-4a10-ba07-9c02080a6a80,TODO
b633bf6b-a895-4354-9042-9d006b9eeeab,[Jumbo] J441 Godrej Splendour,TOKEN_PAID,ASSIGNMENT,590fe3a7-55c6-4481-a8d1-4dd448af8b6e,MOU Draft to be confirmed with the builder,2026-07-27 12:30:00+00,8e1fdcfe-8db6-4e50-a7ab-d820f9b95c96,TODO
b633bf6b-a895-4354-9042-9d006b9eeeab,[Jumbo] J441 Godrej Splendour,TOKEN_PAID,ASSIGNMENT,4adc23ce-4118-4b34-bc6f-ab19295d4434,MOU draft to be shared on group,2026-07-25 12:30:00+00,8e1fdcfe-8db6-4e50-a7ab-d820f9b95c96,TODO
b633bf6b-a895-4354-9042-9d006b9eeeab,[Jumbo] J441 Godrej Splendour,TOKEN_PAID,ASSIGNMENT,5b02039e-f23d-419d-83d1-642b83e6f228,MOU Signing,2026-07-31 12:30:00+00,8e1fdcfe-8db6-4e50-a7ab-d820f9b95c96,TODO
b633bf6b-a895-4354-9042-9d006b9eeeab,[Jumbo] J441 Godrej Splendour,TOKEN_PAID,ASSIGNMENT,17cfaf39-e1d4-409a-ac88-2d0d5d6a1b80,Penny test to be completed,2026-07-29 12:30:00+00,5cd4520c-52d8-4c98-9cc0-232ae767192b,TODO
b633bf6b-a895-4354-9042-9d006b9eeeab,[Jumbo] J441 Godrej Splendour,TOKEN_PAID,ASSIGNMENT,c87a84e0-658a-4805-9091-e3f6ae1ce0e2,Safebuy Payment Collection,2026-07-16 12:30:00+00,5cd4520c-52d8-4c98-9cc0-232ae767192b,TODO
b633bf6b-a895-4354-9042-9d006b9eeeab,[Jumbo] J441 Godrej Splendour,TOKEN_PAID,ASSIGNMENT,6064cf40-de4d-4a57-bbea-c12edab2fc47,Stamp duty + Estamp charges collection,2026-07-31 12:30:00+00,5cd4520c-52d8-4c98-9cc0-232ae767192b,TODO
b633bf6b-a895-4354-9042-9d006b9eeeab,[Jumbo] J441 Godrej Splendour,TOKEN_PAID,ASSIGNMENT,49a744cf-0cad-461e-b0a0-a62be93600b0,TDS Payment,2026-08-25 12:30:00+00,c744aa41-ef42-4d2c-81af-bda0d71aeeca,TODO
b633bf6b-a895-4354-9042-9d006b9eeeab,[Jumbo] J441 Godrej Splendour,TOKEN_PAID,ASSIGNMENT,92ff4674-4a0c-4c09-8381-9e0d01cf40b4,Token Payment +Whatsapp Grp Creation,2026-07-15 12:30:00+00,c744aa41-ef42-4d2c-81af-bda0d71aeeca,TODO
b633bf6b-a895-4354-9042-9d006b9eeeab,[Jumbo] J441 Godrej Splendour,TOKEN_PAID,ASSIGNMENT,0a487055-724d-4385-8196-9b1e9739c9c7,Token Release,2026-07-25 12:30:00+00,5cd4520c-52d8-4c98-9cc0-232ae767192b,TODO
cda2406e-06ad-4cbb-b29e-4c98194d6d00,J1733 - SSVR,AFS_MOU_SIGNED,RESALE,fc52d335-de89-459e-bc7f-4ccf5384311f,AFS Draft to be shared,2026-04-25 12:30:00+00,8e1fdcfe-8db6-4e50-a7ab-d820f9b95c96,IN_PROGRESS
cda2406e-06ad-4cbb-b29e-4c98194d6d00,J1733 - SSVR,AFS_MOU_SIGNED,RESALE,29f119e0-f0a0-4f9c-bff7-1f8c3e6eb615,AFS Signing,2026-05-01 12:30:00+00,8e1fdcfe-8db6-4e50-a7ab-d820f9b95c96,IN_PROGRESS
cda2406e-06ad-4cbb-b29e-4c98194d6d00,J1733 - SSVR,AFS_MOU_SIGNED,RESALE,b75904b7-6a9d-40b4-8b36-fd500d3d2011,Bank Legal Evaluation,2026-05-08 12:30:00+00,e897ff71-fcc8-4a10-ba07-9c02080a6a80,TODO
cda2406e-06ad-4cbb-b29e-4c98194d6d00,J1733 - SSVR,AFS_MOU_SIGNED,RESALE,8137225d-58ff-43ef-9dbd-1eca637a7bf2,Bank Technical Evaluation,2026-05-13 12:30:00+00,e897ff71-fcc8-4a10-ba07-9c02080a6a80,TODO
cda2406e-06ad-4cbb-b29e-4c98194d6d00,J1733 - SSVR,AFS_MOU_SIGNED,RESALE,3671e462-fb35-4643-b28f-e043014b8638,Bank to be selected,2026-04-20 12:30:00+00,5cd4520c-52d8-4c98-9cc0-232ae767192b,TODO
cda2406e-06ad-4cbb-b29e-4c98194d6d00,J1733 - SSVR,AFS_MOU_SIGNED,RESALE,1d8a5a88-9c08-4527-ab5a-0874f1292d42,BESCOM,2026-07-04 12:30:00+00,e897ff71-fcc8-4a10-ba07-9c02080a6a80,TODO
cda2406e-06ad-4cbb-b29e-4c98194d6d00,J1733 - SSVR,AFS_MOU_SIGNED,RESALE,74629814-9bed-47e7-a074-305b6588df48,Deal Term Sheet Drafting & Signing,2026-04-16 12:30:00+00,5cd4520c-52d8-4c98-9cc0-232ae767192b,TODO
cda2406e-06ad-4cbb-b29e-4c98194d6d00,J1733 - SSVR,AFS_MOU_SIGNED,RESALE,aec99e9a-2bf6-453d-946c-02e459e5ed59,Docket signing,2026-05-25 12:30:00+00,e897ff71-fcc8-4a10-ba07-9c02080a6a80,TODO
cda2406e-06ad-4cbb-b29e-4c98194d6d00,J1733 - SSVR,AFS_MOU_SIGNED,RESALE,02d76c88-8c93-4659-bef3-05bef817c208,E- khata to be checked if its open,2026-04-16 12:30:00+00,e897ff71-fcc8-4a10-ba07-9c02080a6a80,TODO
cda2406e-06ad-4cbb-b29e-4c98194d6d00,J1733 - SSVR,AFS_MOU_SIGNED,RESALE,422132a6-ab94-4a78-b17b-a56db562fc81,E Khata Transfer,2026-06-17 12:30:00+00,e897ff71-fcc8-4a10-ba07-9c02080a6a80,TODO
cda2406e-06ad-4cbb-b29e-4c98194d6d00,J1733 - SSVR,AFS_MOU_SIGNED,RESALE,11355ad5-f884-46ff-a9ef-03a9db1cbb20,Estamp Procurement,2026-04-29 12:30:00+00,e897ff71-fcc8-4a10-ba07-9c02080a6a80,TODO
cda2406e-06ad-4cbb-b29e-4c98194d6d00,J1733 - SSVR,AFS_MOU_SIGNED,RESALE,7ce03c59-0ed2-4f03-b906-4a4882cab96f,Jumbo Fee Collection from the Seller,2026-05-01 12:30:00+00,5cd4520c-52d8-4c98-9cc0-232ae767192b,TODO
cda2406e-06ad-4cbb-b29e-4c98194d6d00,J1733 - SSVR,AFS_MOU_SIGNED,RESALE,966c0334-27db-40bc-b6be-f59fac7b811b,Legal Due Diligence to be completed,2026-04-24 12:30:00+00,5cd4520c-52d8-4c98-9cc0-232ae767192b,TODO
cda2406e-06ad-4cbb-b29e-4c98194d6d00,J1733 - SSVR,AFS_MOU_SIGNED,RESALE,24db14ab-a01d-4a14-b14f-4cbd9525c4f0,Legal Due Diligence to be initiated,2026-04-17 12:30:00+00,5cd4520c-52d8-4c98-9cc0-232ae767192b,TODO
cda2406e-06ad-4cbb-b29e-4c98194d6d00,J1733 - SSVR,AFS_MOU_SIGNED,RESALE,e53e8026-891c-4671-99c2-f3a51baf80a0,ODV,2026-05-19 12:30:00+00,e897ff71-fcc8-4a10-ba07-9c02080a6a80,TODO
cda2406e-06ad-4cbb-b29e-4c98194d6d00,J1733 - SSVR,AFS_MOU_SIGNED,RESALE,6ba799bc-49f8-4b97-9e33-338134dc2ea2,ODV Completion,2026-06-26 08:23:00+00,e3fe351e-394d-43fb-af09-6a642b40407c,IN_PROGRESS
cda2406e-06ad-4cbb-b29e-4c98194d6d00,J1733 - SSVR,AFS_MOU_SIGNED,RESALE,de2f5396-4589-4997-8fd0-3e6abd8b65fc,Penny test to be completed,2026-04-27 12:30:00+00,5cd4520c-52d8-4c98-9cc0-232ae767192b,TODO
cda2406e-06ad-4cbb-b29e-4c98194d6d00,J1733 - SSVR,AFS_MOU_SIGNED,RESALE,282d876c-e85f-4db3-a913-b35bd27271a6,Property Tax Name Change,2026-06-18 12:30:00+00,e897ff71-fcc8-4a10-ba07-9c02080a6a80,TODO
cda2406e-06ad-4cbb-b29e-4c98194d6d00,J1733 - SSVR,AFS_MOU_SIGNED,RESALE,0215db7b-9320-4b35-a40e-43370fa4c92f,Safebuy Payment Collection,2026-04-16 12:30:00+00,5cd4520c-52d8-4c98-9cc0-232ae767192b,TODO
cda2406e-06ad-4cbb-b29e-4c98194d6d00,J1733 - SSVR,AFS_MOU_SIGNED,RESALE,c5bd2e62-18ce-4588-9ac1-313886d12e45,Sale deed drafting,2026-06-22 08:22:00+00,8e1fdcfe-8db6-4e50-a7ab-d820f9b95c96,IN_PROGRESS
cda2406e-06ad-4cbb-b29e-4c98194d6d00,J1733 - SSVR,AFS_MOU_SIGNED,RESALE,87e0d974-3a2b-439a-a944-07a612262227,Sale deed Registration,2026-05-30 12:30:00+00,e897ff71-fcc8-4a10-ba07-9c02080a6a80,TODO
cda2406e-06ad-4cbb-b29e-4c98194d6d00,J1733 - SSVR,AFS_MOU_SIGNED,RESALE,41115ae0-0231-4769-98f5-9b94366a95b4,Sale deed to be shared on group,2026-05-02 12:30:00+00,8e1fdcfe-8db6-4e50-a7ab-d820f9b95c96,IN_PROGRESS
cda2406e-06ad-4cbb-b29e-4c98194d6d00,J1733 - SSVR,AFS_MOU_SIGNED,RESALE,0006964e-e9a1-4276-a2bd-d8014deded53,Slot Booking,2026-07-24 13:08:00+00,e897ff71-fcc8-4a10-ba07-9c02080a6a80,TODO
cda2406e-06ad-4cbb-b29e-4c98194d6d00,J1733 - SSVR,AFS_MOU_SIGNED,RESALE,440d3b34-33d7-464e-b52a-efe53e3d63c7,SRO Slot booking,2026-05-27 12:30:00+00,e897ff71-fcc8-4a10-ba07-9c02080a6a80,TODO
cda2406e-06ad-4cbb-b29e-4c98194d6d00,J1733 - SSVR,AFS_MOU_SIGNED,RESALE,3560d639-3b16-4ec7-92c8-46da6f82de48,Stamp duty + Estamp charges collection,2026-04-29 12:30:00+00,5cd4520c-52d8-4c98-9cc0-232ae767192b,TODO
cda2406e-06ad-4cbb-b29e-4c98194d6d00,J1733 - SSVR,AFS_MOU_SIGNED,RESALE,9bbd6a8a-df9b-4268-8bd5-333cbfd4f7e7,Stamp duty payment,2026-07-18 08:24:00+00,e897ff71-fcc8-4a10-ba07-9c02080a6a80,TODO
cda2406e-06ad-4cbb-b29e-4c98194d6d00,J1733 - SSVR,AFS_MOU_SIGNED,RESALE,bc483f82-d9da-42cf-9127-be562d9ed413,TDS Payment,2026-07-30 12:30:00+00,c744aa41-ef42-4d2c-81af-bda0d71aeeca,TODO
cda2406e-06ad-4cbb-b29e-4c98194d6d00,J1733 - SSVR,AFS_MOU_SIGNED,RESALE,e8722530-0a1c-48d1-9c99-d193811100ae,TDS Payment ,2026-07-31 08:22:00+00,c744aa41-ef42-4d2c-81af-bda0d71aeeca,TODO
cda2406e-06ad-4cbb-b29e-4c98194d6d00,J1733 - SSVR,AFS_MOU_SIGNED,RESALE,13d93f42-2a6b-4eba-bdcf-ae9f338b79c1,Token Payment +Whatsapp Grp Creation,2026-04-15 12:30:00+00,c744aa41-ef42-4d2c-81af-bda0d71aeeca,DONE
cda2406e-06ad-4cbb-b29e-4c98194d6d00,J1733 - SSVR,AFS_MOU_SIGNED,RESALE,ec54f7cb-1d48-474b-89af-f85134975615,Token Release,2026-04-25 12:30:00+00,5cd4520c-52d8-4c98-9cc0-232ae767192b,TODO
da9c4e74-2601-4f60-9054-2d4dc17612e3,[Jumbo] J2037 - Cynosure White Space,AFS_MOU_SIGNED,RESALE,194492f9-a917-4d03-908a-2f954d5722c5,AFS,,e3fe351e-394d-43fb-af09-6a642b40407c,TODO
da9c4e74-2601-4f60-9054-2d4dc17612e3,[Jumbo] J2037 - Cynosure White Space,AFS_MOU_SIGNED,RESALE,9d71c2e0-3e05-4a5f-88c2-fcdefdf68b4f,AFS Draft to be shared,2026-07-08 12:30:00+00,8e1fdcfe-8db6-4e50-a7ab-d820f9b95c96,TODO
da9c4e74-2601-4f60-9054-2d4dc17612e3,[Jumbo] J2037 - Cynosure White Space,AFS_MOU_SIGNED,RESALE,f8e7f572-483d-4e4f-8ccc-1fafefc37084,AFS Signing,2026-07-14 12:30:00+00,8e1fdcfe-8db6-4e50-a7ab-d820f9b95c96,TODO
da9c4e74-2601-4f60-9054-2d4dc17612e3,[Jumbo] J2037 - Cynosure White Space,AFS_MOU_SIGNED,RESALE,728d8a7c-1da7-41ad-8900-c9574ea3e43c,Bank Legal Evaluation,2026-07-21 12:30:00+00,e897ff71-fcc8-4a10-ba07-9c02080a6a80,TODO
da9c4e74-2601-4f60-9054-2d4dc17612e3,[Jumbo] J2037 - Cynosure White Space,AFS_MOU_SIGNED,RESALE,2d65ef48-a1bc-48f0-bd28-db72166363b6,Bank Technical Evaluation,2026-07-25 12:30:00+00,e897ff71-fcc8-4a10-ba07-9c02080a6a80,TODO
da9c4e74-2601-4f60-9054-2d4dc17612e3,[Jumbo] J2037 - Cynosure White Space,AFS_MOU_SIGNED,RESALE,f07d09fa-058c-4356-ac98-9b24f8348c66,Bank to be selected,2026-07-02 12:30:00+00,5cd4520c-52d8-4c98-9cc0-232ae767192b,TODO
da9c4e74-2601-4f60-9054-2d4dc17612e3,[Jumbo] J2037 - Cynosure White Space,AFS_MOU_SIGNED,RESALE,9a910e47-46c4-47dd-823a-af0121d58347,BESCOM,2026-09-16 12:30:00+00,e897ff71-fcc8-4a10-ba07-9c02080a6a80,TODO
da9c4e74-2601-4f60-9054-2d4dc17612e3,[Jumbo] J2037 - Cynosure White Space,AFS_MOU_SIGNED,RESALE,329b064a-100a-400c-a81c-cdab4c67a44a,Deal Term Sheet Drafting & Signing,2026-06-29 12:30:00+00,5cd4520c-52d8-4c98-9cc0-232ae767192b,TODO
da9c4e74-2601-4f60-9054-2d4dc17612e3,[Jumbo] J2037 - Cynosure White Space,AFS_MOU_SIGNED,RESALE,823914f9-6083-4d3b-bf3b-f7284d64dfb1,Docket signing,2026-08-06 12:30:00+00,e897ff71-fcc8-4a10-ba07-9c02080a6a80,TODO
da9c4e74-2601-4f60-9054-2d4dc17612e3,[Jumbo] J2037 - Cynosure White Space,AFS_MOU_SIGNED,RESALE,11046a34-00c8-4392-86b8-9d416f1def0f,E- khata to be checked if its open,2026-06-29 12:30:00+00,e897ff71-fcc8-4a10-ba07-9c02080a6a80,TODO
da9c4e74-2601-4f60-9054-2d4dc17612e3,[Jumbo] J2037 - Cynosure White Space,AFS_MOU_SIGNED,RESALE,f365d296-99d0-4209-a757-218500639dfa,E Khata Transfer,2026-08-29 12:30:00+00,e897ff71-fcc8-4a10-ba07-9c02080a6a80,TODO
da9c4e74-2601-4f60-9054-2d4dc17612e3,[Jumbo] J2037 - Cynosure White Space,AFS_MOU_SIGNED,RESALE,65dae720-a1f4-41a9-8502-fef2b051d048,Estamp Procurement,2026-07-11 12:30:00+00,e897ff71-fcc8-4a10-ba07-9c02080a6a80,TODO
da9c4e74-2601-4f60-9054-2d4dc17612e3,[Jumbo] J2037 - Cynosure White Space,AFS_MOU_SIGNED,RESALE,547d78e4-6628-4b88-8ff8-d7392dc7f04d,Jumbo Fee Collection from the Seller,2026-07-14 12:30:00+00,5cd4520c-52d8-4c98-9cc0-232ae767192b,TODO
da9c4e74-2601-4f60-9054-2d4dc17612e3,[Jumbo] J2037 - Cynosure White Space,AFS_MOU_SIGNED,RESALE,3994362e-eb4a-4f63-9fc8-351ab6ea908d,Legal Due diligence,2026-07-10 07:07:00+00,e3fe351e-394d-43fb-af09-6a642b40407c,IN_PROGRESS
da9c4e74-2601-4f60-9054-2d4dc17612e3,[Jumbo] J2037 - Cynosure White Space,AFS_MOU_SIGNED,RESALE,dcd73bfe-5dd4-4c12-b87d-70ac6aa0d536,Legal Due Diligence to be completed,2026-07-07 12:30:00+00,5cd4520c-52d8-4c98-9cc0-232ae767192b,TODO
da9c4e74-2601-4f60-9054-2d4dc17612e3,[Jumbo] J2037 - Cynosure White Space,AFS_MOU_SIGNED,RESALE,05eb36d2-49a9-409e-9708-af4e0d4f66ef,Legal Due Diligence to be initiated,2026-06-30 12:30:00+00,5cd4520c-52d8-4c98-9cc0-232ae767192b,TODO
da9c4e74-2601-4f60-9054-2d4dc17612e3,[Jumbo] J2037 - Cynosure White Space,AFS_MOU_SIGNED,RESALE,0e567791-9873-44d6-b861-704ef947a75f,ODV,2026-07-31 12:30:00+00,e897ff71-fcc8-4a10-ba07-9c02080a6a80,TODO
da9c4e74-2601-4f60-9054-2d4dc17612e3,[Jumbo] J2037 - Cynosure White Space,AFS_MOU_SIGNED,RESALE,43cb3d32-0480-4970-8185-0585a5352225,Penny test to be completed,2026-07-09 12:30:00+00,5cd4520c-52d8-4c98-9cc0-232ae767192b,TODO
da9c4e74-2601-4f60-9054-2d4dc17612e3,[Jumbo] J2037 - Cynosure White Space,AFS_MOU_SIGNED,RESALE,3015d1a0-ddcf-4ecf-b442-858cc7e5de6e,Property Tax Name Change,2026-08-31 12:30:00+00,e897ff71-fcc8-4a10-ba07-9c02080a6a80,TODO
da9c4e74-2601-4f60-9054-2d4dc17612e3,[Jumbo] J2037 - Cynosure White Space,AFS_MOU_SIGNED,RESALE,c4977849-a094-4427-8ecc-bee55c697e0e,Safebuy Payment Collection,2026-06-29 12:30:00+00,5cd4520c-52d8-4c98-9cc0-232ae767192b,TODO
da9c4e74-2601-4f60-9054-2d4dc17612e3,[Jumbo] J2037 - Cynosure White Space,AFS_MOU_SIGNED,RESALE,6b717c6b-aec7-4aa1-b831-d94d954c5e8d,Sale deed Registration,2026-08-12 12:30:00+00,e897ff71-fcc8-4a10-ba07-9c02080a6a80,TODO
da9c4e74-2601-4f60-9054-2d4dc17612e3,[Jumbo] J2037 - Cynosure White Space,AFS_MOU_SIGNED,RESALE,2fcbc982-936a-400e-a2e4-57f9f9270346,Sale deed to be shared on group,2026-07-15 12:30:00+00,8e1fdcfe-8db6-4e50-a7ab-d820f9b95c96,TODO
da9c4e74-2601-4f60-9054-2d4dc17612e3,[Jumbo] J2037 - Cynosure White Space,AFS_MOU_SIGNED,RESALE,72866ad8-3067-4f0c-bade-8b3d5baaf66f,SRO Slot booking,2026-08-08 12:30:00+00,e897ff71-fcc8-4a10-ba07-9c02080a6a80,TODO
da9c4e74-2601-4f60-9054-2d4dc17612e3,[Jumbo] J2037 - Cynosure White Space,AFS_MOU_SIGNED,RESALE,2ca4bb42-3cf9-496b-9c79-b25bb59c5cf9,Stamp duty + Estamp charges collection,2026-07-11 12:30:00+00,5cd4520c-52d8-4c98-9cc0-232ae767192b,TODO
da9c4e74-2601-4f60-9054-2d4dc17612e3,[Jumbo] J2037 - Cynosure White Space,AFS_MOU_SIGNED,RESALE,fa96bdfe-0800-4a0a-bb33-1a8d24838df2,TDS Payment,2026-08-07 12:30:00+00,c744aa41-ef42-4d2c-81af-bda0d71aeeca,TODO
da9c4e74-2601-4f60-9054-2d4dc17612e3,[Jumbo] J2037 - Cynosure White Space,AFS_MOU_SIGNED,RESALE,c6dc8c5d-5813-4e8e-afcc-a9b8c2034858,Token Payment +Whatsapp Grp Creation,2026-06-28 12:30:00+00,c744aa41-ef42-4d2c-81af-bda0d71aeeca,DONE
da9c4e74-2601-4f60-9054-2d4dc17612e3,[Jumbo] J2037 - Cynosure White Space,AFS_MOU_SIGNED,RESALE,e0b45cbf-2bf5-4dce-b6d1-323a65f6728e,Token Release,2026-07-08 12:30:00+00,5cd4520c-52d8-4c98-9cc0-232ae767192b,TODO
dd550618-9eab-4493-8259-159c7ff66c09,Jumbo] J994- Godrej Splendour,TOKEN_PAID,ASSIGNMENT,eb9f52c1-8a9e-4c87-a47d-d1434ceff15e,Assignment Agrement Initiation with the builder,2026-07-28 12:30:00+00,8e1fdcfe-8db6-4e50-a7ab-d820f9b95c96,TODO
dd550618-9eab-4493-8259-159c7ff66c09,Jumbo] J994- Godrej Splendour,TOKEN_PAID,ASSIGNMENT,77c6bbdf-7f13-4d21-b2cb-e7be7c5eb0ef,Assignment Agrement to be signed,2026-08-15 12:30:00+00,8e1fdcfe-8db6-4e50-a7ab-d820f9b95c96,IN_PROGRESS
dd550618-9eab-4493-8259-159c7ff66c09,Jumbo] J994- Godrej Splendour,TOKEN_PAID,ASSIGNMENT,a929b496-5957-48fd-97d0-97027b22a971,Bank Legal Evaluation,2026-08-01 12:30:00+00,e897ff71-fcc8-4a10-ba07-9c02080a6a80,TODO
dd550618-9eab-4493-8259-159c7ff66c09,Jumbo] J994- Godrej Splendour,TOKEN_PAID,ASSIGNMENT,fbe7dded-fed0-45fd-9e15-b543daca6303,Bank Technical Evaluation,2026-08-04 12:30:00+00,e897ff71-fcc8-4a10-ba07-9c02080a6a80,TODO
dd550618-9eab-4493-8259-159c7ff66c09,Jumbo] J994- Godrej Splendour,TOKEN_PAID,ASSIGNMENT,f1ea5520-4035-4c22-ae1b-d711e44359c3,Bank to be selected,2026-07-09 12:30:00+00,5cd4520c-52d8-4c98-9cc0-232ae767192b,TODO
dd550618-9eab-4493-8259-159c7ff66c09,Jumbo] J994- Godrej Splendour,TOKEN_PAID,ASSIGNMENT,d3f3a7a9-7017-4077-9a27-9dfde61096aa,Deal Term Sheet Drafting & Signing,2026-07-06 12:30:00+00,5cd4520c-52d8-4c98-9cc0-232ae767192b,TODO
dd550618-9eab-4493-8259-159c7ff66c09,Jumbo] J994- Godrej Splendour,TOKEN_PAID,ASSIGNMENT,5f36f440-4d67-4661-bb29-8c54b9086694,Docket signing,2026-08-13 12:30:00+00,e897ff71-fcc8-4a10-ba07-9c02080a6a80,TODO
dd550618-9eab-4493-8259-159c7ff66c09,Jumbo] J994- Godrej Splendour,TOKEN_PAID,ASSIGNMENT,087b4c2e-5dfc-453f-af94-e1573a3ccd50,Estamp Procurement,2026-07-21 12:30:00+00,e897ff71-fcc8-4a10-ba07-9c02080a6a80,TODO
dd550618-9eab-4493-8259-159c7ff66c09,Jumbo] J994- Godrej Splendour,TOKEN_PAID,ASSIGNMENT,4bd84101-b0ac-4dd0-85be-1bfaa49542f6,Jumbo Fee Collection from the Seller,2026-07-22 12:30:00+00,5cd4520c-52d8-4c98-9cc0-232ae767192b,TODO
dd550618-9eab-4493-8259-159c7ff66c09,Jumbo] J994- Godrej Splendour,TOKEN_PAID,ASSIGNMENT,9ad8031e-f738-44c4-9526-985acbcd8754,Legal Due Diligence to be completed,2026-07-14 12:30:00+00,5cd4520c-52d8-4c98-9cc0-232ae767192b,TODO
dd550618-9eab-4493-8259-159c7ff66c09,Jumbo] J994- Godrej Splendour,TOKEN_PAID,ASSIGNMENT,96c7ca37-43b0-43f1-a051-9af0467733fe,Legal Due Diligence to be initiated,2026-07-07 12:30:00+00,5cd4520c-52d8-4c98-9cc0-232ae767192b,TODO
dd550618-9eab-4493-8259-159c7ff66c09,Jumbo] J994- Godrej Splendour,TOKEN_PAID,ASSIGNMENT,2c9c5536-0603-4996-a592-a5576a9a88db,Loan Disbursement,2026-08-21 12:30:00+00,e897ff71-fcc8-4a10-ba07-9c02080a6a80,TODO
dd550618-9eab-4493-8259-159c7ff66c09,Jumbo] J994- Godrej Splendour,TOKEN_PAID,ASSIGNMENT,f1dfda61-2aa4-4a78-b60e-de5e72493723,MOU Draft to be confirmed with the builder,2026-07-16 12:30:00+00,8e1fdcfe-8db6-4e50-a7ab-d820f9b95c96,IN_PROGRESS
dd550618-9eab-4493-8259-159c7ff66c09,Jumbo] J994- Godrej Splendour,TOKEN_PAID,ASSIGNMENT,2c4e5272-4a9b-4ff2-b7ec-2077d7e25ac9,MOU draft to be shared on group,2026-07-15 12:30:00+00,8e1fdcfe-8db6-4e50-a7ab-d820f9b95c96,IN_PROGRESS
dd550618-9eab-4493-8259-159c7ff66c09,Jumbo] J994- Godrej Splendour,TOKEN_PAID,ASSIGNMENT,329eeffe-23b3-49d3-bd4d-486ea41d319e,MOU Signing,2026-07-21 12:30:00+00,8e1fdcfe-8db6-4e50-a7ab-d820f9b95c96,TODO
dd550618-9eab-4493-8259-159c7ff66c09,Jumbo] J994- Godrej Splendour,TOKEN_PAID,ASSIGNMENT,f078125c-cd1d-4e81-95bd-f56f879e22b2,Penny test to be completed,2026-07-18 12:30:00+00,5cd4520c-52d8-4c98-9cc0-232ae767192b,TODO
dd550618-9eab-4493-8259-159c7ff66c09,Jumbo] J994- Godrej Splendour,TOKEN_PAID,ASSIGNMENT,d1f6d4b1-9e42-4cfb-a667-3bf957dcf31f,Safebuy Payment Collection,2026-07-06 12:30:00+00,5cd4520c-52d8-4c98-9cc0-232ae767192b,TODO
dd550618-9eab-4493-8259-159c7ff66c09,Jumbo] J994- Godrej Splendour,TOKEN_PAID,ASSIGNMENT,70fd9393-a528-446a-bcd6-a6364e629ddc,Stamp duty + Estamp charges collection,2026-07-21 12:30:00+00,5cd4520c-52d8-4c98-9cc0-232ae767192b,TODO
dd550618-9eab-4493-8259-159c7ff66c09,Jumbo] J994- Godrej Splendour,TOKEN_PAID,ASSIGNMENT,9aff4bba-56df-45a3-b009-02db94ae9087,TDS Payment,2026-08-14 12:30:00+00,c744aa41-ef42-4d2c-81af-bda0d71aeeca,TODO
dd550618-9eab-4493-8259-159c7ff66c09,Jumbo] J994- Godrej Splendour,TOKEN_PAID,ASSIGNMENT,673e8f61-76c9-47df-9615-5aa6e395c56d,Token Payment +Whatsapp Grp Creation,2026-07-04 12:30:00+00,c744aa41-ef42-4d2c-81af-bda0d71aeeca,DONE
dd550618-9eab-4493-8259-159c7ff66c09,Jumbo] J994- Godrej Splendour,TOKEN_PAID,ASSIGNMENT,0dcd587d-605d-46d7-8dd2-c028d458506f,Token Release,2026-07-15 12:30:00+00,5cd4520c-52d8-4c98-9cc0-232ae767192b,TODO
dda82c0e-83e4-45dc-ac30-37aeab61a90b,J- 2258- Godrej Splendour,TERM_SHEET_SIGNED,ASSIGNMENT,dd30117a-898d-4f68-a97d-b878a35465ab,Assignment Agrement Initiation with the builder,2026-07-10 12:30:00+00,8e1fdcfe-8db6-4e50-a7ab-d820f9b95c96,IN_PROGRESS
dda82c0e-83e4-45dc-ac30-37aeab61a90b,J- 2258- Godrej Splendour,TERM_SHEET_SIGNED,ASSIGNMENT,548afc49-f367-4451-8b43-02425e2bf8fe,Assignment Agrement to be signed,2026-07-29 12:30:00+00,8e1fdcfe-8db6-4e50-a7ab-d820f9b95c96,IN_PROGRESS
dda82c0e-83e4-45dc-ac30-37aeab61a90b,J- 2258- Godrej Splendour,TERM_SHEET_SIGNED,ASSIGNMENT,8424ceb9-1e1d-4cdf-88b1-1cd58c89ad60,Bank Legal Evaluation,2026-07-15 12:30:00+00,e897ff71-fcc8-4a10-ba07-9c02080a6a80,TODO
dda82c0e-83e4-45dc-ac30-37aeab61a90b,J- 2258- Godrej Splendour,TERM_SHEET_SIGNED,ASSIGNMENT,a7210dbe-5dd6-4490-8167-88d0d4bda46a,Bank Technical Evaluation,2026-07-17 12:30:00+00,e897ff71-fcc8-4a10-ba07-9c02080a6a80,TODO
dda82c0e-83e4-45dc-ac30-37aeab61a90b,J- 2258- Godrej Splendour,TERM_SHEET_SIGNED,ASSIGNMENT,092d38df-0fd3-44d6-962e-0d68e84ee614,Bank to be selected,2026-06-22 12:30:00+00,5cd4520c-52d8-4c98-9cc0-232ae767192b,TODO
dda82c0e-83e4-45dc-ac30-37aeab61a90b,J- 2258- Godrej Splendour,TERM_SHEET_SIGNED,ASSIGNMENT,217321fb-52ff-41fe-8d49-90721c8c8b52,Deal Term Sheet Drafting,2026-06-17 09:44:00+00,e3fe351e-394d-43fb-af09-6a642b40407c,DONE
dda82c0e-83e4-45dc-ac30-37aeab61a90b,J- 2258- Godrej Splendour,TERM_SHEET_SIGNED,ASSIGNMENT,05ca76cc-2420-4197-afba-950edab4f830,Deal Term Sheet Drafting & Signing,2026-06-18 12:30:00+00,5cd4520c-52d8-4c98-9cc0-232ae767192b,TODO
dda82c0e-83e4-45dc-ac30-37aeab61a90b,J- 2258- Godrej Splendour,TERM_SHEET_SIGNED,ASSIGNMENT,7457ce0e-8429-46d4-8170-8f928e194e19,Deal Term Sheet Signing,2026-06-24 09:36:00+00,e3fe351e-394d-43fb-af09-6a642b40407c,DONE
dda82c0e-83e4-45dc-ac30-37aeab61a90b,J- 2258- Godrej Splendour,TERM_SHEET_SIGNED,ASSIGNMENT,349340fb-642f-487a-9a33-07ea67f45e01,Docket signing,2026-07-27 12:30:00+00,e897ff71-fcc8-4a10-ba07-9c02080a6a80,TODO
dda82c0e-83e4-45dc-ac30-37aeab61a90b,J- 2258- Godrej Splendour,TERM_SHEET_SIGNED,ASSIGNMENT,e38d29fa-082e-4ce0-b6ca-a4ad5da09e48,Estamp Procurement,2026-07-03 12:30:00+00,e897ff71-fcc8-4a10-ba07-9c02080a6a80,TODO
dda82c0e-83e4-45dc-ac30-37aeab61a90b,J- 2258- Godrej Splendour,TERM_SHEET_SIGNED,ASSIGNMENT,ad4b5967-eb5a-4ef0-a3f6-79590e2bfe35,J-2243 is some other property. Please check and add correct property,2026-06-17 12:57:00+00,e3fe351e-394d-43fb-af09-6a642b40407c,DONE
dda82c0e-83e4-45dc-ac30-37aeab61a90b,J- 2258- Godrej Splendour,TERM_SHEET_SIGNED,ASSIGNMENT,15551e96-e196-4eaa-860c-ab269ac195ba,Jumbo Fee Collection from the Seller,2026-07-04 12:30:00+00,5cd4520c-52d8-4c98-9cc0-232ae767192b,TODO
dda82c0e-83e4-45dc-ac30-37aeab61a90b,J- 2258- Godrej Splendour,TERM_SHEET_SIGNED,ASSIGNMENT,bc3cfb06-36ee-49e3-9682-3c8ead0e47a5,Legal Due Diligence ,2026-06-26 11:31:00+00,8e1fdcfe-8db6-4e50-a7ab-d820f9b95c96,DONE
dda82c0e-83e4-45dc-ac30-37aeab61a90b,J- 2258- Godrej Splendour,TERM_SHEET_SIGNED,ASSIGNMENT,6d30b0d7-214f-4e6c-bf1f-57ea7c0644d6,Legal Due Diligence to be completed,2026-06-26 12:30:00+00,5cd4520c-52d8-4c98-9cc0-232ae767192b,TODO
dda82c0e-83e4-45dc-ac30-37aeab61a90b,J- 2258- Godrej Splendour,TERM_SHEET_SIGNED,ASSIGNMENT,616f8b76-548a-40f8-ac74-347df239120c,Legal Due Diligence to be initiated,2026-06-19 12:30:00+00,5cd4520c-52d8-4c98-9cc0-232ae767192b,TODO
dda82c0e-83e4-45dc-ac30-37aeab61a90b,J- 2258- Godrej Splendour,TERM_SHEET_SIGNED,ASSIGNMENT,13331497-8f2f-43ac-9542-410810dd6ec2,Loan Disbursement,2026-08-04 12:30:00+00,e897ff71-fcc8-4a10-ba07-9c02080a6a80,TODO
dda82c0e-83e4-45dc-ac30-37aeab61a90b,J- 2258- Godrej Splendour,TERM_SHEET_SIGNED,ASSIGNMENT,6c404c0f-a435-4b4b-ac7f-ca591993ccd6,MoU Drafting,2026-06-24 11:33:00+00,8e1fdcfe-8db6-4e50-a7ab-d820f9b95c96,IN_PROGRESS
dda82c0e-83e4-45dc-ac30-37aeab61a90b,J- 2258- Godrej Splendour,TERM_SHEET_SIGNED,ASSIGNMENT,44cf1f65-f24f-43a5-9ad5-94b61cdea0f2,MOU Draft to be confirmed with the builder,2026-06-29 12:30:00+00,8e1fdcfe-8db6-4e50-a7ab-d820f9b95c96,IN_PROGRESS
dda82c0e-83e4-45dc-ac30-37aeab61a90b,J- 2258- Godrej Splendour,TERM_SHEET_SIGNED,ASSIGNMENT,e39ebf9e-0566-4dc2-b5da-5a54934ec4dd,MOU draft to be shared on group,2026-06-27 12:30:00+00,8e1fdcfe-8db6-4e50-a7ab-d820f9b95c96,IN_PROGRESS
dda82c0e-83e4-45dc-ac30-37aeab61a90b,J- 2258- Godrej Splendour,TERM_SHEET_SIGNED,ASSIGNMENT,b03c28de-6cba-4a8e-bf3a-64f9e4e741dc,MOU Signing,2026-07-03 12:30:00+00,8e1fdcfe-8db6-4e50-a7ab-d820f9b95c96,IN_PROGRESS
dda82c0e-83e4-45dc-ac30-37aeab61a90b,J- 2258- Godrej Splendour,TERM_SHEET_SIGNED,ASSIGNMENT,8c79b5a5-c798-4ad4-9ff2-de5aee4dc87a,Penny Test,2026-06-27 11:32:00+00,e3fe351e-394d-43fb-af09-6a642b40407c,TODO
dda82c0e-83e4-45dc-ac30-37aeab61a90b,J- 2258- Godrej Splendour,TERM_SHEET_SIGNED,ASSIGNMENT,efe91408-e447-4b7f-8d1e-ad42815fcb43,Penny test to be completed,2026-07-01 12:30:00+00,5cd4520c-52d8-4c98-9cc0-232ae767192b,TODO
dda82c0e-83e4-45dc-ac30-37aeab61a90b,J- 2258- Godrej Splendour,TERM_SHEET_SIGNED,ASSIGNMENT,635aa36d-58b2-4adb-83be-9c5d282a7820,Safebuy Payment Collection,2026-06-18 12:30:00+00,5cd4520c-52d8-4c98-9cc0-232ae767192b,TODO
dda82c0e-83e4-45dc-ac30-37aeab61a90b,J- 2258- Godrej Splendour,TERM_SHEET_SIGNED,ASSIGNMENT,e2b7845f-6227-4074-a4e3-3a8ffad62bbf,Stamp duty + Estamp charges collection,2026-07-03 12:30:00+00,5cd4520c-52d8-4c98-9cc0-232ae767192b,TODO
dda82c0e-83e4-45dc-ac30-37aeab61a90b,J- 2258- Godrej Splendour,TERM_SHEET_SIGNED,ASSIGNMENT,36a51b1f-3d51-4060-b7c1-3aaf64a10c31,TDS Payment,2026-07-26 12:30:00+00,c744aa41-ef42-4d2c-81af-bda0d71aeeca,TODO
dda82c0e-83e4-45dc-ac30-37aeab61a90b,J- 2258- Godrej Splendour,TERM_SHEET_SIGNED,ASSIGNMENT,13d56613-54cf-463e-aab7-b5fa328db526,Token Payment +Whatsapp Grp Creation,2026-06-17 12:30:00+00,c744aa41-ef42-4d2c-81af-bda0d71aeeca,DONE
dda82c0e-83e4-45dc-ac30-37aeab61a90b,J- 2258- Godrej Splendour,TERM_SHEET_SIGNED,ASSIGNMENT,3c5c57b6-5fc3-4ec1-8a54-522ba8740b0e,Token Release,2026-06-27 12:30:00+00,5cd4520c-52d8-4c98-9cc0-232ae767192b,DONE
e466dcb8-63d1-4704-8c36-4bd2cdcfd5e3,[Jumbo] J2281 -  Prestige Park Grove,TOKEN_PAID,ASSIGNMENT,10b4ddec-9ded-4dec-9978-9d9abfd0ac1c,Assignment Agrement Initiation with the builder,2026-07-28 12:30:00+00,8e1fdcfe-8db6-4e50-a7ab-d820f9b95c96,TODO
e466dcb8-63d1-4704-8c36-4bd2cdcfd5e3,[Jumbo] J2281 -  Prestige Park Grove,TOKEN_PAID,ASSIGNMENT,9c06506b-5a61-4a16-a8a5-3d99021706f2,Assignment Agrement to be signed,2026-08-15 12:30:00+00,8e1fdcfe-8db6-4e50-a7ab-d820f9b95c96,IN_PROGRESS
e466dcb8-63d1-4704-8c36-4bd2cdcfd5e3,[Jumbo] J2281 -  Prestige Park Grove,TOKEN_PAID,ASSIGNMENT,6095a481-319a-4939-a945-26117449f24c,Bank Legal Evaluation,2026-08-01 12:30:00+00,e897ff71-fcc8-4a10-ba07-9c02080a6a80,TODO
e466dcb8-63d1-4704-8c36-4bd2cdcfd5e3,[Jumbo] J2281 -  Prestige Park Grove,TOKEN_PAID,ASSIGNMENT,8e808794-fead-4605-a4ad-5fdd064c8456,Bank Technical Evaluation,2026-08-04 12:30:00+00,e897ff71-fcc8-4a10-ba07-9c02080a6a80,TODO
e466dcb8-63d1-4704-8c36-4bd2cdcfd5e3,[Jumbo] J2281 -  Prestige Park Grove,TOKEN_PAID,ASSIGNMENT,073eecb1-8078-4db2-b3e8-f91ec2099d23,Bank to be selected,2026-07-09 12:30:00+00,5cd4520c-52d8-4c98-9cc0-232ae767192b,TODO
e466dcb8-63d1-4704-8c36-4bd2cdcfd5e3,[Jumbo] J2281 -  Prestige Park Grove,TOKEN_PAID,ASSIGNMENT,c18740a4-b9bd-4a33-b8e6-8e18c47c8ce6,Deal Term Sheet Drafting & Signing,2026-07-06 12:30:00+00,5cd4520c-52d8-4c98-9cc0-232ae767192b,TODO
e466dcb8-63d1-4704-8c36-4bd2cdcfd5e3,[Jumbo] J2281 -  Prestige Park Grove,TOKEN_PAID,ASSIGNMENT,20463950-e4ab-4b1c-b382-c807210dfd3a,Docket signing,2026-08-13 12:30:00+00,e897ff71-fcc8-4a10-ba07-9c02080a6a80,TODO
e466dcb8-63d1-4704-8c36-4bd2cdcfd5e3,[Jumbo] J2281 -  Prestige Park Grove,TOKEN_PAID,ASSIGNMENT,59df3c97-92d7-431b-9ee9-f2b820d7ec81,Estamp Procurement,2026-07-21 12:30:00+00,e897ff71-fcc8-4a10-ba07-9c02080a6a80,TODO
e466dcb8-63d1-4704-8c36-4bd2cdcfd5e3,[Jumbo] J2281 -  Prestige Park Grove,TOKEN_PAID,ASSIGNMENT,2abf7a7e-990c-48b3-9a61-56617e07499e,Jumbo Fee Collection from the Seller,2026-07-22 12:30:00+00,5cd4520c-52d8-4c98-9cc0-232ae767192b,TODO
e466dcb8-63d1-4704-8c36-4bd2cdcfd5e3,[Jumbo] J2281 -  Prestige Park Grove,TOKEN_PAID,ASSIGNMENT,a864f6b5-c383-4ca2-8034-538e19297442,Legal Due Diligence to be completed,2026-07-14 12:30:00+00,5cd4520c-52d8-4c98-9cc0-232ae767192b,TODO
e466dcb8-63d1-4704-8c36-4bd2cdcfd5e3,[Jumbo] J2281 -  Prestige Park Grove,TOKEN_PAID,ASSIGNMENT,cb13d8e7-7ca2-45da-a857-9bb53d2ea51a,Legal Due Diligence to be initiated,2026-07-07 12:30:00+00,5cd4520c-52d8-4c98-9cc0-232ae767192b,TODO
e466dcb8-63d1-4704-8c36-4bd2cdcfd5e3,[Jumbo] J2281 -  Prestige Park Grove,TOKEN_PAID,ASSIGNMENT,73c20aea-3db4-44ae-aeb5-657bca482f3c,Loan Disbursement,2026-08-21 12:30:00+00,e897ff71-fcc8-4a10-ba07-9c02080a6a80,TODO
e466dcb8-63d1-4704-8c36-4bd2cdcfd5e3,[Jumbo] J2281 -  Prestige Park Grove,TOKEN_PAID,ASSIGNMENT,a99c586e-9a48-4ab6-a637-9878cc68bf22,MOU Draft to be confirmed with the builder,2026-07-16 12:30:00+00,8e1fdcfe-8db6-4e50-a7ab-d820f9b95c96,IN_PROGRESS
e466dcb8-63d1-4704-8c36-4bd2cdcfd5e3,[Jumbo] J2281 -  Prestige Park Grove,TOKEN_PAID,ASSIGNMENT,ccf09b90-ee10-42a4-91e0-32f83f86c76a,MOU draft to be shared on group,2026-07-15 12:30:00+00,8e1fdcfe-8db6-4e50-a7ab-d820f9b95c96,IN_PROGRESS
e466dcb8-63d1-4704-8c36-4bd2cdcfd5e3,[Jumbo] J2281 -  Prestige Park Grove,TOKEN_PAID,ASSIGNMENT,11485ee9-9302-4ab6-8b05-a2d5e8dd1d9a,MOU Signing,2026-07-21 12:30:00+00,8e1fdcfe-8db6-4e50-a7ab-d820f9b95c96,TODO
e466dcb8-63d1-4704-8c36-4bd2cdcfd5e3,[Jumbo] J2281 -  Prestige Park Grove,TOKEN_PAID,ASSIGNMENT,06a291b5-461f-40a3-acff-fde2c1e82272,Penny test to be completed,2026-07-18 12:30:00+00,5cd4520c-52d8-4c98-9cc0-232ae767192b,TODO
e466dcb8-63d1-4704-8c36-4bd2cdcfd5e3,[Jumbo] J2281 -  Prestige Park Grove,TOKEN_PAID,ASSIGNMENT,343aabeb-8e76-4c6f-8e1a-826752e82f24,Safebuy Payment Collection,2026-07-06 12:30:00+00,5cd4520c-52d8-4c98-9cc0-232ae767192b,TODO
e466dcb8-63d1-4704-8c36-4bd2cdcfd5e3,[Jumbo] J2281 -  Prestige Park Grove,TOKEN_PAID,ASSIGNMENT,60e1b706-7245-48b1-9c5f-ebc8ce871c66,Stamp duty + Estamp charges collection,2026-07-21 12:30:00+00,5cd4520c-52d8-4c98-9cc0-232ae767192b,TODO
e466dcb8-63d1-4704-8c36-4bd2cdcfd5e3,[Jumbo] J2281 -  Prestige Park Grove,TOKEN_PAID,ASSIGNMENT,7d3a4239-89c3-4828-9c2f-1bc19683c016,TDS Payment,2026-08-14 12:30:00+00,c744aa41-ef42-4d2c-81af-bda0d71aeeca,TODO
e466dcb8-63d1-4704-8c36-4bd2cdcfd5e3,[Jumbo] J2281 -  Prestige Park Grove,TOKEN_PAID,ASSIGNMENT,8c5b8dc5-8ec5-4661-b831-0f0d372fd4ac,Token Payment +Whatsapp Grp Creation,2026-07-05 12:30:00+00,c744aa41-ef42-4d2c-81af-bda0d71aeeca,DONE
e466dcb8-63d1-4704-8c36-4bd2cdcfd5e3,[Jumbo] J2281 -  Prestige Park Grove,TOKEN_PAID,ASSIGNMENT,e9d8f8fb-df5c-4096-8cfc-fcdf4591f32b,Token Release,2026-07-15 12:30:00+00,5cd4520c-52d8-4c98-9cc0-232ae767192b,TODO
f3b8982c-1c8d-424a-8b3d-547ef62a71c0,J1694 - Svamita Emerald Square,AFS_MOU_SIGNED,RESALE,01a4f9c5-4a96-4249-b29e-19442ee72016,AFS Drafting and Signing,2026-06-26 13:23:00+00,e897ff71-fcc8-4a10-ba07-9c02080a6a80,DONE
f3b8982c-1c8d-424a-8b3d-547ef62a71c0,J1694 - Svamita Emerald Square,AFS_MOU_SIGNED,RESALE,98b80ec9-1d91-4cde-b09d-b1c9971e3b32,AFS Draft to be shared,2026-06-08 12:30:00+00,8e1fdcfe-8db6-4e50-a7ab-d820f9b95c96,IN_PROGRESS
f3b8982c-1c8d-424a-8b3d-547ef62a71c0,J1694 - Svamita Emerald Square,AFS_MOU_SIGNED,RESALE,fb15935c-29af-48bb-9330-3d6232c4d23c,AFS Signing,2026-06-13 12:30:00+00,8e1fdcfe-8db6-4e50-a7ab-d820f9b95c96,IN_PROGRESS
f3b8982c-1c8d-424a-8b3d-547ef62a71c0,J1694 - Svamita Emerald Square,AFS_MOU_SIGNED,RESALE,16e91210-41f8-4aed-9416-f01e962d8a84,Bank Legal Evaluation,2026-06-20 12:30:00+00,e897ff71-fcc8-4a10-ba07-9c02080a6a80,TODO
f3b8982c-1c8d-424a-8b3d-547ef62a71c0,J1694 - Svamita Emerald Square,AFS_MOU_SIGNED,RESALE,d994f05b-c60a-4b47-8495-0114ec4ec8ed,Bank Technical Evaluation,2026-06-25 12:30:00+00,e897ff71-fcc8-4a10-ba07-9c02080a6a80,TODO
f3b8982c-1c8d-424a-8b3d-547ef62a71c0,J1694 - Svamita Emerald Square,AFS_MOU_SIGNED,RESALE,e4b2eb88-7264-4114-b37a-5038dd0bccf8,Bank to be selected,2026-06-02 12:30:00+00,5cd4520c-52d8-4c98-9cc0-232ae767192b,TODO
f3b8982c-1c8d-424a-8b3d-547ef62a71c0,J1694 - Svamita Emerald Square,AFS_MOU_SIGNED,RESALE,a15d3845-da45-4257-9a73-27cd9bd3b44b,BESCOM,2026-08-17 12:30:00+00,e897ff71-fcc8-4a10-ba07-9c02080a6a80,TODO
f3b8982c-1c8d-424a-8b3d-547ef62a71c0,J1694 - Svamita Emerald Square,AFS_MOU_SIGNED,RESALE,1f9c69b1-805a-45af-92d1-6553f9bc6c46,Deal Term Sheet Drafting & Signing,2026-05-29 12:30:00+00,5cd4520c-52d8-4c98-9cc0-232ae767192b,TODO
f3b8982c-1c8d-424a-8b3d-547ef62a71c0,J1694 - Svamita Emerald Square,AFS_MOU_SIGNED,RESALE,aee8c8f6-cf11-4193-9c15-de5c126ee375,Docket signing,2026-07-07 12:30:00+00,e897ff71-fcc8-4a10-ba07-9c02080a6a80,TODO
f3b8982c-1c8d-424a-8b3d-547ef62a71c0,J1694 - Svamita Emerald Square,AFS_MOU_SIGNED,RESALE,44aa54e2-9a0b-4ea2-b4cc-1c61c38a029a,E Khata to be checked,2026-06-22 12:12:00+00,e897ff71-fcc8-4a10-ba07-9c02080a6a80,DONE
f3b8982c-1c8d-424a-8b3d-547ef62a71c0,J1694 - Svamita Emerald Square,AFS_MOU_SIGNED,RESALE,096ae318-52f2-49f9-b567-b0476fbc5dc6,E- khata to be checked if its open,2026-05-29 12:30:00+00,e897ff71-fcc8-4a10-ba07-9c02080a6a80,TODO
f3b8982c-1c8d-424a-8b3d-547ef62a71c0,J1694 - Svamita Emerald Square,AFS_MOU_SIGNED,RESALE,0789a7db-a0b0-4d32-9a52-2918d87b0eb1,E Khata Transfer,2026-07-30 12:30:00+00,e897ff71-fcc8-4a10-ba07-9c02080a6a80,TODO
f3b8982c-1c8d-424a-8b3d-547ef62a71c0,J1694 - Svamita Emerald Square,AFS_MOU_SIGNED,RESALE,f3585c81-ef1b-49ea-bedc-a40e499c0efb,Estamp Procurement,2026-06-11 12:30:00+00,e897ff71-fcc8-4a10-ba07-9c02080a6a80,TODO
f3b8982c-1c8d-424a-8b3d-547ef62a71c0,J1694 - Svamita Emerald Square,AFS_MOU_SIGNED,RESALE,46b5e938-b010-411d-8936-aee2d3df169d,Jumbo Fee Collection from the Seller,2026-06-13 12:30:00+00,5cd4520c-52d8-4c98-9cc0-232ae767192b,TODO
f3b8982c-1c8d-424a-8b3d-547ef62a71c0,J1694 - Svamita Emerald Square,AFS_MOU_SIGNED,RESALE,93d55f02-b739-45a6-b120-39ba0c5da167,Legal Due Diligence to be completed,2026-06-06 12:30:00+00,5cd4520c-52d8-4c98-9cc0-232ae767192b,TODO
f3b8982c-1c8d-424a-8b3d-547ef62a71c0,J1694 - Svamita Emerald Square,AFS_MOU_SIGNED,RESALE,ea702603-cbe9-4811-9259-3aa2a29af430,Legal Due Diligence to be initiated,2026-05-30 12:30:00+00,5cd4520c-52d8-4c98-9cc0-232ae767192b,TODO
f3b8982c-1c8d-424a-8b3d-547ef62a71c0,J1694 - Svamita Emerald Square,AFS_MOU_SIGNED,RESALE,34427288-6895-43df-8f4a-782b1f8db178,ODV,2026-07-01 12:30:00+00,e897ff71-fcc8-4a10-ba07-9c02080a6a80,TODO
f3b8982c-1c8d-424a-8b3d-547ef62a71c0,J1694 - Svamita Emerald Square,AFS_MOU_SIGNED,RESALE,7a98f4ad-4ba8-4da7-a61a-44148a99760d,Penny Test,2026-06-25 12:11:00+00,e3fe351e-394d-43fb-af09-6a642b40407c,DONE
f3b8982c-1c8d-424a-8b3d-547ef62a71c0,J1694 - Svamita Emerald Square,AFS_MOU_SIGNED,RESALE,839d9441-88a9-4d1c-876e-83810a699f5b,Penny test to be completed,2026-06-09 12:30:00+00,5cd4520c-52d8-4c98-9cc0-232ae767192b,TODO
f3b8982c-1c8d-424a-8b3d-547ef62a71c0,J1694 - Svamita Emerald Square,AFS_MOU_SIGNED,RESALE,142840d5-c5a4-43e1-ab48-8f6313d558aa,Property Tax Name Change,2026-07-31 12:30:00+00,e897ff71-fcc8-4a10-ba07-9c02080a6a80,TODO
f3b8982c-1c8d-424a-8b3d-547ef62a71c0,J1694 - Svamita Emerald Square,AFS_MOU_SIGNED,RESALE,30003874-2899-4df0-9ecb-56dba49e6710,Safebuy Payment Collection,2026-05-29 12:30:00+00,5cd4520c-52d8-4c98-9cc0-232ae767192b,TODO
f3b8982c-1c8d-424a-8b3d-547ef62a71c0,J1694 - Svamita Emerald Square,AFS_MOU_SIGNED,RESALE,6d81d7c1-ba26-48ec-91cb-dcc50686ba5b,Sale deed drafting,2026-06-24 12:12:00+00,8e1fdcfe-8db6-4e50-a7ab-d820f9b95c96,IN_PROGRESS
f3b8982c-1c8d-424a-8b3d-547ef62a71c0,J1694 - Svamita Emerald Square,AFS_MOU_SIGNED,RESALE,c04c0560-3537-48e4-83a0-2935c37978e8,Sale deed Registration,2026-07-13 12:30:00+00,e897ff71-fcc8-4a10-ba07-9c02080a6a80,TODO
f3b8982c-1c8d-424a-8b3d-547ef62a71c0,J1694 - Svamita Emerald Square,AFS_MOU_SIGNED,RESALE,3a35cd03-6f3e-40a8-841f-ca0cf0c13f08,Sale deed to be shared on group,2026-06-15 12:30:00+00,8e1fdcfe-8db6-4e50-a7ab-d820f9b95c96,IN_PROGRESS
f3b8982c-1c8d-424a-8b3d-547ef62a71c0,J1694 - Svamita Emerald Square,AFS_MOU_SIGNED,RESALE,cee8371b-2681-45d0-ba55-a4fbd933becc,SRO Slot booking,2026-07-09 12:30:00+00,e897ff71-fcc8-4a10-ba07-9c02080a6a80,TODO
f3b8982c-1c8d-424a-8b3d-547ef62a71c0,J1694 - Svamita Emerald Square,AFS_MOU_SIGNED,RESALE,007b3b96-95c8-4ba8-8848-40d68f4ea27f,Stamp duty + Estamp charges collection,2026-06-11 12:30:00+00,5cd4520c-52d8-4c98-9cc0-232ae767192b,TODO
f3b8982c-1c8d-424a-8b3d-547ef62a71c0,J1694 - Svamita Emerald Square,AFS_MOU_SIGNED,RESALE,c298efb1-f02e-495a-8fd3-fbb38233d973,TDS Payment,2026-07-25 12:30:00+00,c744aa41-ef42-4d2c-81af-bda0d71aeeca,TODO
f3b8982c-1c8d-424a-8b3d-547ef62a71c0,J1694 - Svamita Emerald Square,AFS_MOU_SIGNED,RESALE,1da9034c-375c-419d-b5ea-8e5fca81304c,Token Payment +Whatsapp Grp Creation,2026-05-28 12:30:00+00,c744aa41-ef42-4d2c-81af-bda0d71aeeca,DONE
f3b8982c-1c8d-424a-8b3d-547ef62a71c0,J1694 - Svamita Emerald Square,AFS_MOU_SIGNED,RESALE,f28f3c0d-ea7e-4bf1-8bc8-014c11ad609d,Token Release,2026-06-08 12:30:00+00,5cd4520c-52d8-4c98-9cc0-232ae767192b,TODO
f7ff20c5-2a0c-459d-83b0-75648927281d,[Jumbo] Godrej Splendor F0808,AFS_MOU_SIGNED,ASSIGNMENT,510fe275-6b81-45db-b42d-76e8250e4c0c,Assignment Agrement Initiation with the builder,2026-05-25 12:30:00+00,8e1fdcfe-8db6-4e50-a7ab-d820f9b95c96,DONE
f7ff20c5-2a0c-459d-83b0-75648927281d,[Jumbo] Godrej Splendor F0808,AFS_MOU_SIGNED,ASSIGNMENT,bd97fd0c-f18e-4134-aa2c-4fe2de35b52b,Assignment Agrement to be signed,2026-06-12 12:30:00+00,8e1fdcfe-8db6-4e50-a7ab-d820f9b95c96,TODO
f7ff20c5-2a0c-459d-83b0-75648927281d,[Jumbo] Godrej Splendor F0808,AFS_MOU_SIGNED,ASSIGNMENT,825aaf01-765d-4ec6-bcf9-6b918c630764,Bank Legal Evaluation,2026-05-29 12:30:00+00,e897ff71-fcc8-4a10-ba07-9c02080a6a80,TODO
f7ff20c5-2a0c-459d-83b0-75648927281d,[Jumbo] Godrej Splendor F0808,AFS_MOU_SIGNED,ASSIGNMENT,d10758e0-bcfa-40eb-97cf-34b7e55e8eb3,Bank Technical Evaluation,2026-06-01 12:30:00+00,e897ff71-fcc8-4a10-ba07-9c02080a6a80,TODO
f7ff20c5-2a0c-459d-83b0-75648927281d,[Jumbo] Godrej Splendor F0808,AFS_MOU_SIGNED,ASSIGNMENT,b0a765dd-73ef-4102-8f56-00f077551698,Bank to be selected,2026-05-06 12:30:00+00,5cd4520c-52d8-4c98-9cc0-232ae767192b,TODO
f7ff20c5-2a0c-459d-83b0-75648927281d,[Jumbo] Godrej Splendor F0808,AFS_MOU_SIGNED,ASSIGNMENT,e8d5cd64-91b2-4bd2-9121-2b449aadd632,Deal Term Sheet Drafting & Signing,2026-05-02 12:30:00+00,5cd4520c-52d8-4c98-9cc0-232ae767192b,TODO
f7ff20c5-2a0c-459d-83b0-75648927281d,[Jumbo] Godrej Splendor F0808,AFS_MOU_SIGNED,ASSIGNMENT,85ea39f7-dff5-44d5-87cf-0f4cc73e6db7,Docket signing,2026-06-10 12:30:00+00,e897ff71-fcc8-4a10-ba07-9c02080a6a80,TODO
f7ff20c5-2a0c-459d-83b0-75648927281d,[Jumbo] Godrej Splendor F0808,AFS_MOU_SIGNED,ASSIGNMENT,0d8b4da2-cdb5-4939-aed1-4b99478a9e7f,Estamp Procurement,2026-05-18 12:30:00+00,e897ff71-fcc8-4a10-ba07-9c02080a6a80,TODO
f7ff20c5-2a0c-459d-83b0-75648927281d,[Jumbo] Godrej Splendor F0808,AFS_MOU_SIGNED,ASSIGNMENT,a4567669-62ee-4913-a17d-cc3a728d915e,Jumbo Fee Collection from the Seller,2026-05-19 12:30:00+00,5cd4520c-52d8-4c98-9cc0-232ae767192b,TODO
f7ff20c5-2a0c-459d-83b0-75648927281d,[Jumbo] Godrej Splendor F0808,AFS_MOU_SIGNED,ASSIGNMENT,239743bf-5b58-403e-9ce5-efa84b0b81dc,Legal Due Diligence to be completed,2026-05-11 12:30:00+00,5cd4520c-52d8-4c98-9cc0-232ae767192b,TODO
f7ff20c5-2a0c-459d-83b0-75648927281d,[Jumbo] Godrej Splendor F0808,AFS_MOU_SIGNED,ASSIGNMENT,40103f3d-a2d2-4bc1-992e-97657fb4ce59,Legal Due Diligence to be initiated,2026-05-04 12:30:00+00,5cd4520c-52d8-4c98-9cc0-232ae767192b,TODO
f7ff20c5-2a0c-459d-83b0-75648927281d,[Jumbo] Godrej Splendor F0808,AFS_MOU_SIGNED,ASSIGNMENT,2cb2ea20-81df-4b19-a4a0-bf564c4494e6,Loan Disbursement,2026-06-18 12:30:00+00,e897ff71-fcc8-4a10-ba07-9c02080a6a80,TODO
f7ff20c5-2a0c-459d-83b0-75648927281d,[Jumbo] Godrej Splendor F0808,AFS_MOU_SIGNED,ASSIGNMENT,ed476ecd-8ee9-4e7e-98cb-999c2575991e,MOU Draft to be confirmed with the builder,2026-05-13 12:30:00+00,8e1fdcfe-8db6-4e50-a7ab-d820f9b95c96,DONE
f7ff20c5-2a0c-459d-83b0-75648927281d,[Jumbo] Godrej Splendor F0808,AFS_MOU_SIGNED,ASSIGNMENT,5b0cf248-621a-4f5f-bf56-a14e2a638034,MOU draft to be shared on group,2026-05-12 12:30:00+00,8e1fdcfe-8db6-4e50-a7ab-d820f9b95c96,DONE
f7ff20c5-2a0c-459d-83b0-75648927281d,[Jumbo] Godrej Splendor F0808,AFS_MOU_SIGNED,ASSIGNMENT,9e903761-daf8-4573-95df-9d5927d56d05,MOU Signing,2026-05-18 12:30:00+00,8e1fdcfe-8db6-4e50-a7ab-d820f9b95c96,DONE
f7ff20c5-2a0c-459d-83b0-75648927281d,[Jumbo] Godrej Splendor F0808,AFS_MOU_SIGNED,ASSIGNMENT,c356d451-9b57-40da-b486-7b6b3ea88edc,Penny test to be completed,2026-05-15 12:30:00+00,5cd4520c-52d8-4c98-9cc0-232ae767192b,TODO
f7ff20c5-2a0c-459d-83b0-75648927281d,[Jumbo] Godrej Splendor F0808,AFS_MOU_SIGNED,ASSIGNMENT,99881be8-4aa3-4bc3-869f-be8a3dc536d9,Safebuy Payment Collection,2026-05-02 12:30:00+00,5cd4520c-52d8-4c98-9cc0-232ae767192b,TODO
f7ff20c5-2a0c-459d-83b0-75648927281d,[Jumbo] Godrej Splendor F0808,AFS_MOU_SIGNED,ASSIGNMENT,14b41786-0d80-4f9f-9d8d-fe678ba705cf,Stamp duty + Estamp charges collection,2026-05-18 12:30:00+00,5cd4520c-52d8-4c98-9cc0-232ae767192b,TODO
f7ff20c5-2a0c-459d-83b0-75648927281d,[Jumbo] Godrej Splendor F0808,AFS_MOU_SIGNED,ASSIGNMENT,a9892814-6b9d-4bc7-bf92-a7a76563bb02,TDS Payment,2026-07-30 12:30:00+00,c744aa41-ef42-4d2c-81af-bda0d71aeeca,TODO
f7ff20c5-2a0c-459d-83b0-75648927281d,[Jumbo] Godrej Splendor F0808,AFS_MOU_SIGNED,ASSIGNMENT,1bfc80e1-4e61-4c73-bb05-e9ecff48e275,Token Payment +Whatsapp Grp Creation,2026-05-01 12:30:00+00,c744aa41-ef42-4d2c-81af-bda0d71aeeca,DONE
f7ff20c5-2a0c-459d-83b0-75648927281d,[Jumbo] Godrej Splendor F0808,AFS_MOU_SIGNED,ASSIGNMENT,aac87ad0-b5d3-46a5-b3b0-c1bb1b2cfad0,Token Release,2026-05-12 12:30:00+00,5cd4520c-52d8-4c98-9cc0-232ae767192b,TODO
fb059bd0-5181-48c3-90cb-22260a11db4d,J751 -  Sobha Dream Acres,AFS_MOU_SIGNED,ASSIGNMENT,a04ef713-d78e-46c9-88ec-00011c052c46,Assignment Agrement Initiation with the builder,2026-07-13 12:30:00+00,8e1fdcfe-8db6-4e50-a7ab-d820f9b95c96,TODO
fb059bd0-5181-48c3-90cb-22260a11db4d,J751 -  Sobha Dream Acres,AFS_MOU_SIGNED,ASSIGNMENT,055ab0dd-c819-4382-a5fc-87a8656c8a49,Assignment Agrement to be signed,2026-07-31 12:30:00+00,8e1fdcfe-8db6-4e50-a7ab-d820f9b95c96,IN_PROGRESS
fb059bd0-5181-48c3-90cb-22260a11db4d,J751 -  Sobha Dream Acres,AFS_MOU_SIGNED,ASSIGNMENT,ea74bc34-9d86-4cdf-8240-fdd310672bbb,Bank Legal Evaluation,2026-07-17 12:30:00+00,e897ff71-fcc8-4a10-ba07-9c02080a6a80,TODO
fb059bd0-5181-48c3-90cb-22260a11db4d,J751 -  Sobha Dream Acres,AFS_MOU_SIGNED,ASSIGNMENT,dfbc716a-5af3-49ee-81ef-1b3b927efd2d,Bank Technical Evaluation,2026-07-20 12:30:00+00,e897ff71-fcc8-4a10-ba07-9c02080a6a80,TODO
fb059bd0-5181-48c3-90cb-22260a11db4d,J751 -  Sobha Dream Acres,AFS_MOU_SIGNED,ASSIGNMENT,f64a3aa7-9452-4aa2-9178-6bc0a0cc26cd,Bank to be selected,2026-06-24 12:30:00+00,5cd4520c-52d8-4c98-9cc0-232ae767192b,DONE
fb059bd0-5181-48c3-90cb-22260a11db4d,J751 -  Sobha Dream Acres,AFS_MOU_SIGNED,ASSIGNMENT,8e901fdd-191c-4031-9949-47d900610e99,Deal Term Sheet Drafting & Signing,2026-06-20 12:30:00+00,5cd4520c-52d8-4c98-9cc0-232ae767192b,TODO
fb059bd0-5181-48c3-90cb-22260a11db4d,J751 -  Sobha Dream Acres,AFS_MOU_SIGNED,ASSIGNMENT,aad34ba5-e399-46ef-a55f-2826a266aba0,Docket signing,2026-07-29 12:30:00+00,e897ff71-fcc8-4a10-ba07-9c02080a6a80,TODO
fb059bd0-5181-48c3-90cb-22260a11db4d,J751 -  Sobha Dream Acres,AFS_MOU_SIGNED,ASSIGNMENT,10fe54ea-1e3c-4476-ba83-1d9223a90440,Estamp Procurement,2026-07-06 12:30:00+00,e897ff71-fcc8-4a10-ba07-9c02080a6a80,TODO
fb059bd0-5181-48c3-90cb-22260a11db4d,J751 -  Sobha Dream Acres,AFS_MOU_SIGNED,ASSIGNMENT,63cf6039-8a5a-4c01-b4cc-a1700e02f55d,Jumbo Fee Collection from the Seller,2026-07-07 12:30:00+00,5cd4520c-52d8-4c98-9cc0-232ae767192b,TODO
fb059bd0-5181-48c3-90cb-22260a11db4d,J751 -  Sobha Dream Acres,AFS_MOU_SIGNED,ASSIGNMENT,aa4c9b07-2130-4d42-a425-0a34e8ab80e9,Legal Due Diligence to be completed,2026-06-29 12:30:00+00,5cd4520c-52d8-4c98-9cc0-232ae767192b,DONE
fb059bd0-5181-48c3-90cb-22260a11db4d,J751 -  Sobha Dream Acres,AFS_MOU_SIGNED,ASSIGNMENT,fe16bb7c-e13e-4082-b790-a588c314c80f,Legal Due Diligence to be initiated,2026-06-22 12:30:00+00,5cd4520c-52d8-4c98-9cc0-232ae767192b,DONE
fb059bd0-5181-48c3-90cb-22260a11db4d,J751 -  Sobha Dream Acres,AFS_MOU_SIGNED,ASSIGNMENT,61675db4-54ed-4eb8-ab94-9b73e8408d8f,Loan Disbursement,2026-08-06 12:30:00+00,e897ff71-fcc8-4a10-ba07-9c02080a6a80,TODO
fb059bd0-5181-48c3-90cb-22260a11db4d,J751 -  Sobha Dream Acres,AFS_MOU_SIGNED,ASSIGNMENT,5ad8f963-1b12-4bab-9f0b-e21fc3d95f33,MOU Draft to be confirmed with the builder,2026-07-01 12:30:00+00,8e1fdcfe-8db6-4e50-a7ab-d820f9b95c96,IN_PROGRESS
fb059bd0-5181-48c3-90cb-22260a11db4d,J751 -  Sobha Dream Acres,AFS_MOU_SIGNED,ASSIGNMENT,17643979-146c-4193-9ef9-6a5860e0e7f3,MOU draft to be shared on group,2026-06-30 12:30:00+00,8e1fdcfe-8db6-4e50-a7ab-d820f9b95c96,IN_PROGRESS
fb059bd0-5181-48c3-90cb-22260a11db4d,J751 -  Sobha Dream Acres,AFS_MOU_SIGNED,ASSIGNMENT,adf39929-8020-4357-8285-26f886d94ba0,MOU Signing,2026-07-06 12:30:00+00,8e1fdcfe-8db6-4e50-a7ab-d820f9b95c96,TODO
fb059bd0-5181-48c3-90cb-22260a11db4d,J751 -  Sobha Dream Acres,AFS_MOU_SIGNED,ASSIGNMENT,c5d0b877-1d7f-47ac-b378-85f5827c495e,Penny test to be completed,2026-07-03 12:30:00+00,5cd4520c-52d8-4c98-9cc0-232ae767192b,DONE
fb059bd0-5181-48c3-90cb-22260a11db4d,J751 -  Sobha Dream Acres,AFS_MOU_SIGNED,ASSIGNMENT,a43194ba-e00b-42a7-9b59-2538677b66c1,Safebuy Payment Collection,2026-06-20 12:30:00+00,5cd4520c-52d8-4c98-9cc0-232ae767192b,TODO
fb059bd0-5181-48c3-90cb-22260a11db4d,J751 -  Sobha Dream Acres,AFS_MOU_SIGNED,ASSIGNMENT,9b2fa365-7805-4093-b731-d50c5e24a011,Stamp duty + Estamp charges collection,2026-07-06 12:30:00+00,5cd4520c-52d8-4c98-9cc0-232ae767192b,TODO
fb059bd0-5181-48c3-90cb-22260a11db4d,J751 -  Sobha Dream Acres,AFS_MOU_SIGNED,ASSIGNMENT,f5ea879c-c68d-4e54-b595-cf1482f3d391,TDS Payment,2026-07-30 12:30:00+00,c744aa41-ef42-4d2c-81af-bda0d71aeeca,TODO
fb059bd0-5181-48c3-90cb-22260a11db4d,J751 -  Sobha Dream Acres,AFS_MOU_SIGNED,ASSIGNMENT,0d827af6-d2f5-40e8-9100-f56e933cea73,Token Payment +Whatsapp Grp Creation,2026-06-19 12:30:00+00,c744aa41-ef42-4d2c-81af-bda0d71aeeca,DONE
fb059bd0-5181-48c3-90cb-22260a11db4d,J751 -  Sobha Dream Acres,AFS_MOU_SIGNED,ASSIGNMENT,4c3ced06-b4d4-4855-8e24-9831b5bd20c0,Token Release,2026-06-30 12:30:00+00,5cd4520c-52d8-4c98-9cc0-232ae767192b,TODO
